KEY,English,Vietnamese,German,Italian,French,Chinese Simplified,Chinese Traditional,Portuguese (Portugal),Portuguese (Brazil),Spanish,Spanish (Mexico),Thai,Indonesian,Korean,Arabic,Japanese,Russian,Turkish
ui_login,Log In,Đăng Nhập,Anmelden,Accedi,Connexion,登录,登入,Iniciar Sessão,Entrar,Iniciar sesión,Iniciar sesión,เข้าสู่ระบบ,Masuk,로그인,تسجيل الدخول,ログイン,Войти,Giriş Yap
ui_wheel,{0} Spins,{0} Lần Quay,{0} Drehungen,{0} Giri,{0} Tirages,{0}次抽取,{0}次抽取,{0} Giros,{0} Giros,{0} Giros,{0} Giros,หมุน {0} ครั้ง,{0} Putaran,{0}회 뽑기,{0} سحبات,{0}回召喚,Крутки: {0},{0} Çekiliş
ui_item_gold,Gold,Vàng,Gold,Oro,Or,金币,金幣,Ouro,Ouro,Oro,Oro,ทอง,Emas,골드,الذهب,ゴールド,Золото,Altın
ui_item_crystal,Crystal,Pha Lê,Kristall,Cristallo,Cristal,水晶,水晶,Cristal,Cristal,Cristal,Cristal,คริสตัล,Kristal,크리스탈,البلورات,クリスタル,Кристалл,Kristal
ui_item_diamond,Diamond,Kim Cương,Diamant,Diamante,Diamant,钻石,鑽石,Diamante,Diamante,Diamante,Diamante,เพชร,Berlian,다이아,الألماس,ダイヤ,Алмаз,Elmas
ui_item_energy,Energy,Năng Lượng,Energie,Energia,Énergie,体力,體力,Energia,Energia,Energía,Energía,พลังงาน,Energi,에너지,الطاقة,エネルギー,Энергия,Enerji
ui_item_arena_token,Arena Token,Huy Hiệu Đấu Trường,Arena-Marke,Gettone Arena,Jeton d'Arène,竞技场代币,競技場代幣,Ficha da Arena,Ficha da Arena,Ficha de Arena,Ficha de Arena,เหรียญอารีนา,Token Arena,아레나 토큰,رمز الحلبة,アリーナコイン,Жетон арены,Arena Jetonu
ui_item_guild_coin,Guild Coin,Xu Bang Hội,Gildenmünze,Moneta Gilda,Pièce de Guilde,公会币,公會幣,Moeda da Guilda,Moeda da Guilda,Moneda de Gremio,Moneda de Gremio,เหรียญกิลด์,Koin Guild,길드 코인,عملة النقابة,ギルドコイン,Монета гильдии,Lonca Parası
ui_item_event_token,Event Token,Xu Sự Kiện,Event-Marke,Gettone Evento,Jeton d'Événement,活动代币,活動代幣,Ficha de Evento,Ficha de Evento,Ficha de Evento,Ficha de Evento,เหรียญกิจกรรม,Token Event,이벤트 토큰,رمز الفعالية,イベントコイン,Жетон события,Etkinlik Jetonu
ui_item_summon_ticket_heroes,Summon Ticket Heroes,Vé Triệu Hồi Anh Hùng,Heldenbeschwörungsticket,Biglietto Evocazione Eroe,Ticket d'Invocation de Héros,英雄召唤券,英雄召喚券,Bilhete de Invocação de Herói,Bilhete de Invocação de Herói,Ticket de Invocación de Héroe,Boleto de Invocación de Héroe,ตั๋วอัญเชิญฮีโร่,Tiket Summon Hero,영웅 소환권,تذكرة استدعاء بطل,英雄召喚券,Билет призыва героя,Kahraman Çağırma Bileti
ui_item_summon_ticket_weapon,Summon Ticket Weapon,Vé Triệu Hồi Vũ Khí,Waffenbeschwörungsticket,Biglietto Evocazione Arma,Ticket d'Invocation d'Arme,武器召唤券,武器召喚券,Bilhete de Invocação de Arma,Bilhete de Invocação de Arma,Ticket de Invocación de Arma,Boleto de Invocación de Arma,ตั๋วอัญเชิญอาวุธ,Tiket Summon Senjata,무기 소환권,تذكرة استدعاء سلاح,武器召喚券,Билет призыва оружия,Silah Çağırma Bileti
ui_item_hero_exp,Hero EXP,EXP Anh Hùng,Helden-EP,EXP Eroe,EXP de Héros,英雄经验,英雄經驗,EXP de Herói,EXP de Herói,EXP de Héroe,EXP de Héroe,EXP ฮีโร่,EXP Hero,영웅 경험치,خبرة البطل,英雄EXP,Опыт героя,Kahraman EXP
ui_item_hero_fragment,Hero Fragment,Mảnh Anh Hùng,Heldensplitter,Frammento Eroe,Fragment de Héros,英雄碎片,英雄碎片,Fragmento de Herói,Fragmento de Herói,Fragmento de Héroe,Fragmento de Héroe,ชิ้นส่วนฮีโร่,Fragmen Hero,영웅 조각,شظية بطل,英雄の欠片,Фрагмент героя,Kahraman Parçası
ui_item_epic_hero_fragment,Epic Hero Fragment,Mảnh Anh Hùng Sử Thi,Epischer Heldensplitter,Frammento Eroe Epico,Fragment de Héros Épique,史诗英雄碎片,史詩英雄碎片,Fragmento de Herói Épico,Fragmento de Herói Épico,Fragmento de Héroe Épico,Fragmento de Héroe Épico,ชิ้นส่วนฮีโร่ระดับมหากาพย์,Fragmen Hero Epik,에픽 영웅 조각,شظية بطل ملحمي,エピック英雄の欠片,Фрагмент эпического героя,Destansı Kahraman Parçası
ui_item_legendary_hero_fragment,Legendary Hero Fragment,Mảnh Anh Hùng Huyền Thoại,Legendärer Heldensplitter,Frammento Eroe Leggendario,Fragment de Héros Légendaire,传说英雄碎片,傳說英雄碎片,Fragmento de Herói Lendário,Fragmento de Herói Lendário,Fragmento de Héroe Legendario,Fragmento de Héroe Legendario,ชิ้นส่วนฮีโร่ระดับตำนาน,Fragmen Hero Legendaris,전설 영웅 조각,شظية بطل أسطوري,レジェンド英雄の欠片,Фрагмент легендарного героя,Efsanevi Kahraman Parçası
ui_item_equipment_upgrade_stone,Equipment Upgrade Stone,Đá Cường Hóa Trang Bị,Ausrüstungsverbesserungsstein,Pietra Potenziamento Equipaggiamento,Pierre d'Amélioration d'Équipement,装备强化石,裝備強化石,Pedra de Melhoria de Equipamento,Pedra de Aprimoramento de Equipamento,Piedra de Mejora de Equipo,Piedra de Mejora de Equipo,หินอัปเกรดอุปกรณ์,Batu Upgrade Perlengkapan,장비 강화석,حجر ترقية المعدات,装備強化石,Камень улучшения снаряжения,Ekipman Geliştirme Taşı
ui_item_Gear_Refinement_Stone,Gear Refinement Stone,Đá Tinh Luyện Trang Bị,Ausrüstungsveredelungsstein,Pietra Raffinamento Equipaggiamento,Pierre de Raffinement d'Équipement,装备精炼石,裝備精煉石,Pedra de Refinamento de Equipamento,Pedra de Refinamento de Equipamento,Piedra de Refinamiento de Equipo,Piedra de Refinamiento de Equipo,หินขัดเกลาอุปกรณ์,Batu Refinement Perlengkapan,장비 제련석,حجر صقل المعدات,装備精錬石,Камень закалки снаряжения,Ekipman Arıtma Taşı
ui_item_Breakthrough_Stone,Breakthrough Stone,Đá Đột Phá,Durchbruchstein,Pietra della Svolta,Pierre de Percée,突破石,突破石,Pedra de Evolução,Pedra de Avanço,Piedra de Avance,Piedra de Avance,หินทะลวงขีดจำกัด,Batu Breakthrough,돌파석,حجر الاختراق,突破石,Камень прорыва,Atılım Taşı
ui_item_Transcendence_Stone,Transcendence Stone,Đá Siêu Việt,Transzendenzstein,Pietra della Trascendenza,Pierre de Transcendance,超越石,超越石,Pedra de Transcendência,Pedra de Transcendência,Piedra de Trascendencia,Piedra de Trascendencia,หินก้าวข้าม,Batu Transendensi,초월석,حجر التجاوز,超越石,Камень трансценденции,Aşkınlık Taşı
ui_item_Equipment_Chest,Equipment Chest,Rương Trang Bị,Ausrüstungstruhe,Forziere Equipaggiamento,Coffre d'Équipement,装备宝箱,裝備寶箱,Baú de Equipamento,Baú de Equipamento,Cofre de Equipo,Cofre de Equipo,หีบอุปกรณ์,Peti Perlengkapan,장비 상자,صندوق معدات,装備宝箱,Сундук со снаряжением,Ekipman Sandığı
ui_item_Rare_Equipment_Chest,Rare Equipment Chest,Rương Trang Bị Hiếm,Truhe mit seltener Ausrüstung,Forziere Equipaggiamento Raro,Coffre d'Équipement Rare,稀有装备宝箱,稀有裝備寶箱,Baú de Equipamento Raro,Baú de Equipamento Raro,Cofre de Equipo Raro,Cofre de Equipo Raro,หีบอุปกรณ์หายาก,Peti Perlengkapan Langka,희귀 장비 상자,صندوق معدات نادرة,レア装備宝箱,Сундук с редким снаряжением,Nadir Ekipman Sandığı
ui_item_Epic_Equipment_Chest,Epic Equipment Chest,Rương Trang Bị Sử Thi,Truhe mit epischer Ausrüstung,Forziere Equipaggiamento Epico,Coffre d'Équipement Épique,史诗装备宝箱,史詩裝備寶箱,Baú de Equipamento Épico,Baú de Equipamento Épico,Cofre de Equipo Épico,Cofre de Equipo Épico,หีบอุปกรณ์มหากาพย์,Peti Perlengkapan Epik,에픽 장비 상자,صندوق معدات ملحمية,エピック装備宝箱,Сундук с эпическим снаряжением,Destansı Ekipman Sandığı
ui_item_Legendary_Equipment_Chest,Legendary Equipment Chest,Rương Trang Bị Huyền Thoại,Truhe mit legendärer Ausrüstung,Forziere Equipaggiamento Leggendario,Coffre d'Équipement Légendaire,传说装备宝箱,傳說裝備寶箱,Baú de Equipamento Lendário,Baú de Equipamento Lendário,Cofre de Equipo Legendario,Cofre de Equipo Legendario,หีบอุปกรณ์ตำนาน,Peti Perlengkapan Legendaris,전설 장비 상자,صندوق معدات أسطورية,レジェンド装備宝箱,Сундук с легендарным снаряжением,Efsanevi Ekipman Sandığı
ui_item_Dungeon_Key,Dungeon Key,Chìa Khóa Hầm Ngục,Dungeon-Schlüssel,Chiave Dungeon,Clé de Donjon,地下城钥匙,地下城鑰匙,Chave de Masmorra,Chave de Masmorra,Llave de Mazmorra,Llave de Calabozo,กุญแจดันเจี้ยน,Kunci Dungeon,던전 열쇠,مفتاح الزنزانة,ダンジョンの鍵,Ключ от подземелья,Zindan Anahtarı
ui_item_Boss_Challenge_Ticket,Boss Challenge Ticket,Vé Khiêu Chiến Boss,Boss-Herausforderungsticket,Biglietto Sfida Boss,Ticket de Défi de Boss,首领挑战券,首領挑戰券,Bilhete de Desafio do Chefe,Bilhete de Desafio do Chefe,Ticket de Desafío de Jefe,Boleto de Desafío de Jefe,ตั๋วท้าทายบอส,Tiket Tantangan Bos,보스 도전권,تذكرة تحدي الزعيم,ボス挑戦券,Билет испытания босса,Boss Mücadele Bileti
ui_item_Event_Dice,Event Dice,Xúc Xắc Sự Kiện,Event-Würfel,Dado Evento,Dé d'Événement,活动骰子,活動骰子,Dado de Evento,Dado de Evento,Dado de Evento,Dado de Evento,ลูกเต๋ากิจกรรม,Dadu Event,이벤트 주사위,نرد الفعالية,イベントダイス,Событийный кубик,Etkinlik Zarı
ui_item_Bingo_Ticket,Bingo Ticket,Vé Bingo,Bingo-Ticket,Biglietto Bingo,Ticket de Bingo,宾果券,賓果券,Bilhete de Bingo,Bilhete de Bingo,Ticket de Bingo,Boleto de Bingo,ตั๋วบิงโก,Tiket Bingo,빙고 티켓,تذكرة بينغو,ビンゴチケット,Билет бинго,Bingo Bileti
ui_item_Treasure_Map,Treasure Map,Bản Đồ Kho Báu,Schatzkarte,Mappa del Tesoro,Carte au Trésor,藏宝图,藏寶圖,Mapa do Tesouro,Mapa do Tesouro,Mapa del Tesoro,Mapa del Tesoro,แผนที่ขุมทรัพย์,Peta Harta Karun,보물 지도,خريطة كنز,宝の地図,Карта сокровищ,Hazine Haritası
ui_item_Gold_Chest,Gold Chest,Rương Vàng,Goldtruhe,Forziere d'Oro,Coffre d'Or,金币宝箱,金幣寶箱,Baú de Ouro,Baú de Ouro,Cofre de Oro,Cofre de Oro,หีบทอง,Peti Emas,골드 상자,صندوق ذهب,ゴールド宝箱,Сундук с золотом,Altın Sandığı
ui_item_Diamond_Chest,Diamond Chest,Rương Kim Cương,Diamanttruhe,Forziere di Diamanti,Coffre de Diamants,钻石宝箱,鑽石寶箱,Baú de Diamantes,Baú de Diamantes,Cofre de Diamantes,Cofre de Diamantes,หีบเพชร,Peti Berlian,다이아 상자,صندوق ألماس,ダイヤ宝箱,Сундук с алмазами,Elmas Sandığı
ui_item_Resource_Pack,Resource Pack,Gói Tài Nguyên,Ressourcenpaket,Pacchetto Risorse,Pack de Ressources,资源包,資源包,Pacote de Recursos,Pacote de Recursos,Paquete de Recursos,Paquete de Recursos,แพ็กทรัพยากร,Paket Sumber Daya,자원 팩,حزمة موارد,資源パック,Набор ресурсов,Kaynak Paketi
ui_item_Pet_Egg,Pet Egg,Trứng Thú Cưng,Begleiter-Ei,Uovo Famiglio,Œuf de Familier,宠物蛋,寵物蛋,Ovo de Mascote,Ovo de Mascote,Huevo de Mascota,Huevo de Mascota,ไข่สัตว์เลี้ยง,Telur Peliharaan,펫 알,بيضة حيوان أليف,ペットの卵,Яйцо питомца,Evcil Hayvan Yumurtası
ui_item_Pet_Upgrade_Food,Pet Upgrade Food,Thức Ăn Nâng Cấp Thú Cưng,Begleiter-Aufwertungsfutter,Cibo Potenziamento Famiglio,Nourriture d'Amélioration de Familier,宠物升级食物,寵物升級食物,Comida de Melhoria de Mascote,Comida de Aprimoramento de Mascote,Comida de Mejora de Mascota,Comida de Mejora de Mascota,อาหารอัปเกรดสัตว์เลี้ยง,Makanan Upgrade Peliharaan,펫 강화 먹이,طعام ترقية الحيوان الأليف,ペット強化フード,Корм для улучшения питомца,Evcil Hayvan Geliştirme Maması
ui_item_Relic_Fragment,Relic Fragment,Mảnh Thánh Vật,Reliktsplitter,Frammento Reliquia,Fragment de Relique,圣物碎片,聖物碎片,Fragmento de Relíquia,Fragmento de Relíquia,Fragmento de Reliquia,Fragmento de Reliquia,ชิ้นส่วนวัตถุศักดิ์สิทธิ์,Fragmen Relik,유물 조각,شظية أثر مقدس,聖遺物の欠片,Фрагмент реликвии,Kutsal Emanet Parçası
ui_item_Relic_Upgrade_Stone,Relic Upgrade Stone,Đá Nâng Cấp Thánh Vật,Reliktverbesserungsstein,Pietra Potenziamento Reliquia,Pierre d'Amélioration de Relique,圣物强化石,聖物強化石,Pedra de Melhoria de Relíquia,Pedra de Aprimoramento de Relíquia,Piedra de Mejora de Reliquia,Piedra de Mejora de Reliquia,หินอัปเกรดวัตถุศักดิ์สิทธิ์,Batu Upgrade Relik,유물 강화석,حجر ترقية الأثر المقدس,聖遺物強化石,Камень улучшения реликвии,Kutsal Emanet Geliştirme Taşı
ui_item_Monster_Card,Monster Card,Thẻ Quái Vật,Monsterkarte,Carta Mostro,Carte de Monstre,怪物卡,怪物卡,Carta de Monstro,Carta de Monstro,Carta de Monstruo,Carta de Monstruo,การ์ดมอนสเตอร์,Kartu Monster,몬스터 카드,بطاقة وحش,モンスターカード,Карта монстра,Canavar Kartı
ui_item_Monster_Essence,Monster Essence,Tinh Hoa Quái Vật,Monsteressenz,Essenza Mostro,Essence de Monstre,怪物精华,怪物精華,Essência de Monstro,Essência de Monstro,Esencia de Monstruo,Esencia de Monstruo,แก่นแท้มอนสเตอร์,Esensi Monster,몬스터 정수,جوهر الوحش,モンスターエッセンス,Эссенция монстра,Canavar Özü
ui_item_Artifact_Fragment,Artifact Fragment,Mảnh Cổ Vật,Artefaktsplitter,Frammento Artefatto,Fragment d'Artéfact,神器碎片,神器碎片,Fragmento de Artefacto,Fragmento de Artefato,Fragmento de Artefacto,Fragmento de Artefacto,ชิ้นส่วนอาร์ติแฟกต์,Fragmen Artefak,아티팩트 조각,شظية قطعة أثرية,アーティファクトの欠片,Фрагмент артефакта,Artefakt Parçası
ui_item_Artifact_Upgrade_Core,Artifact Upgrade Core,Lõi Nâng Cấp Cổ Vật,Artefakt-Verbesserungskern,Nucleo Potenziamento Artefatto,Cœur d'Amélioration d'Artéfact,神器升级核心,神器升級核心,Núcleo de Melhoria de Artefacto,Núcleo de Aprimoramento de Artefato,Núcleo de Mejora de Artefacto,Núcleo de Mejora de Artefacto,แกนอัปเกรดอาร์ติแฟกต์,Inti Upgrade Artefak,아티팩트 강화 코어,نواة ترقية القطعة الأثرية,アーティファクト強化コア,Ядро улучшения артефакта,Artefakt Geliştirme Çekirdeği
ui_item_Resource_Coin,Resource Coin,Xu Tài Nguyên,Ressourcenmünze,Moneta Risorse,Pièce de Ressource,资源币,資源幣,Moeda de Recursos,Moeda de Recursos,Moneda de Recursos,Moneda de Recursos,เหรียญทรัพยากร,Koin Sumber Daya,자원 코인,عملة الموارد,資源コイン,Монета ресурсов,Kaynak Parası
ui_item_Roulette_Ticket,Roulette Ticket,Vé Vòng Quay,Roulette-Ticket,Biglietto Roulette,Ticket de Roulette,轮盘券,輪盤券,Bilhete de Roleta,Bilhete de Roleta,Ticket de Ruleta,Boleto de Ruleta,ตั๋วรูเล็ต,Tiket Rolet,룰렛 티켓,تذكرة الروليت,ルーレットチケット,Билет рулетки,Rulet Bileti
ui_item_Offline_Reward_Chest,Offline Reward Chest,Rương Thưởng Treo Máy,Offline-Belohnungstruhe,Forziere Ricompense Offline,Coffre de Récompenses Hors Ligne,离线奖励宝箱,離線獎勵寶箱,Baú de Recompensas Offline,Baú de Recompensas Offline,Cofre de Recompensas sin Conexión,Cofre de Recompensas sin Conexión,หีบรางวัลออฟไลน์,Peti Hadiah Offline,오프라인 보상 상자,صندوق مكافآت عدم الاتصال,放置報酬宝箱,Сундук офлайн-наград,Çevrimdışı Ödül Sandığı
ui_item_Quick_Loot_Ticket,Quick Loot Ticket,Vé Thu Thập Nhanh,Schnellbeute-Ticket,Biglietto Bottino Rapido,Ticket de Butin Rapide,快速掠夺券,快速掠奪券,Bilhete de Saque Rápido,Bilhete de Saque Rápido,Ticket de Saque Rápido,Boleto de Saque Rápido,ตั๋วปล้นด่วน,Tiket Loot Cepat,빠른 약탈권,تذكرة نهب سريع,クイック略奪券,Билет быстрого сбора,Hızlı Yağma Bileti
ui_item_Awakening_Fruit,Awakening Fruit,Trái Thức Tỉnh,Erwachensfrucht,Frutto del Risveglio,Fruit d'Éveil,觉醒果实,覺醒果實,Fruto do Despertar,Fruto do Despertar,Fruto del Despertar,Fruto del Despertar,ผลไม้ปลุกพลัง,Buah Awakening,각성의 열매,ثمرة الإيقاظ,覚醒の実,Плод пробуждения,Uyanış Meyvesi
ui_item_Weapon_Ore,Weapon Ore,Quặng Vũ Khí,Waffenerz,Minerale per Armi,Minerai d'Arme,武器矿石,武器礦石,Minério de Arma,Minério de Arma,Mineral de Arma,Mineral de Arma,แร่อาวุธ,Bijih Senjata,무기 광석,خام السلاح,武器鉱石,Оружейная руда,Silah Cevheri
ui_item_Weapon_Gem,Weapon Gem,Đá Quý Vũ Khí,Waffenjuwel,Gemma per Armi,Gemme d'Arme,武器宝石,武器寶石,Gema de Arma,Gema de Arma,Gema de Arma,Gema de Arma,อัญมณีอาวุธ,Permata Senjata,무기 보석,جوهرة السلاح,武器宝石,Оружейный самоцвет,Silah Mücevheri
ui_item_Weapon_Essence,Weapon Essence,Tinh Hoa Vũ Khí,Waffenessenz,Essenza dell'Arma,Essence d'Arme,武器精华,武器精華,Essência de Arma,Essência de Arma,Esencia de Arma,Esencia de Arma,แก่นแท้อาวุธ,Esensi Senjata,무기 정수,جوهر السلاح,武器エッセンス,Эссенция оружия,Silah Özü
ui_item_Summon_Ticket_Skill,Summon Ticket Skill,Vé Triệu Hồi Kỹ Năng,Fähigkeitsbeschwörungsticket,Biglietto Evocazione Abilità,Ticket d'Invocation de Compétence,技能召唤券,技能召喚券,Bilhete de Invocação de Habilidade,Bilhete de Invocação de Habilidade,Ticket de Invocación de Habilidad,Boleto de Invocación de Habilidad,ตั๋วอัญเชิญสกิล,Tiket Summon Skill,스킬 소환권,تذكرة استدعاء مهارة,スキル召喚券,Билет призыва навыка,Yetenek Çağırma Bileti
ui_item_Summon_Ticket_hero_banner,Summon Ticket hero banner,Vé Triệu Hồi Banner Anh Hùng,Heldenbanner-Beschwörungsticket,Biglietto Evocazione Banner Eroe,Ticket d'Invocation de Bannière de Héros,英雄限定召唤券,英雄限定召喚券,Bilhete de Invocação do Banner de Herói,Bilhete de Invocação do Banner de Herói,Ticket de Invocación de Banner de Héroe,Boleto de Invocación de Banner de Héroe,ตั๋วอัญเชิญแบนเนอร์ฮีโร่,Tiket Summon Banner Hero,영웅 배너 소환권,تذكرة استدعاء راية البطل,英雄バナー召喚券,Билет баннера героя,Kahraman Banner Çağırma Bileti
ui_item_User_EXP,User EXP,EXP Người Chơi,Spieler-EP,EXP Giocatore,EXP de Joueur,玩家经验,玩家經驗,EXP de Jogador,EXP de Jogador,EXP de Jugador,EXP de Jugador,EXP ผู้เล่น,EXP Pemain,유저 경험치,خبرة اللاعب,プレイヤーEXP,Опыт игрока,Oyuncu EXP
ui_item_Lucky_Wheel_Ticket_Silver,Lucky Wheel Ticket Silver,Vé Vòng Quay May Mắn Bạc,Silbernes Glücksrad-Ticket,Biglietto Ruota della Fortuna d'Argento,Ticket Argenté de la Roue de la Fortune,白银幸运转盘券,白銀幸運轉盤券,Bilhete Prateado da Roda da Sorte,Bilhete Prateado da Roda da Sorte,Ticket Plateado de la Ruleta de la Suerte,Boleto Plateado de la Ruleta de la Suerte,ตั๋ววงล้อโชคดีสีเงิน,Tiket Roda Keberuntungan Perak,실버 행운의 룰렛 티켓,تذكرة عجلة الحظ الفضية,シルバー幸運ルーレット券,Серебряный билет колеса удачи,Gümüş Şans Çarkı Bileti
ui_item_Lucky_Wheel_Ticket_Gold,Lucky Wheel Ticket Gold,Vé Vòng Quay May Mắn Vàng,Goldenes Glücksrad-Ticket,Biglietto Ruota della Fortuna d'Oro,Ticket Doré de la Roue de la Fortune,黄金幸运转盘券,黃金幸運轉盤券,Bilhete Dourado da Roda da Sorte,Bilhete Dourado da Roda da Sorte,Ticket Dorado de la Ruleta de la Suerte,Boleto Dorado de la Ruleta de la Suerte,ตั๋ววงล้อโชคดีสีทอง,Tiket Roda Keberuntungan Emas,골드 행운의 룰렛 티켓,تذكرة عجلة الحظ الذهبية,ゴールド幸運ルーレット券,Золотой билет колеса удачи,Altın Şans Çarkı Bileti
ui_item_Lucky_Wheel_Point,Lucky Wheel Point,Điểm Vòng Quay May Mắn,Glücksradpunkte,Punti Ruota della Fortuna,Points de la Roue de la Fortune,幸运转盘积分,幸運轉盤積分,Pontos da Roda da Sorte,Pontos da Roda da Sorte,Puntos de la Ruleta de la Suerte,Puntos de la Ruleta de la Suerte,คะแนนวงล้อโชคดี,Poin Roda Keberuntungan,행운의 룰렛 포인트,نقاط عجلة الحظ,幸運ルーレットポイント,Очки колеса удачи,Şans Çarkı Puanı
ui_item_random_heroes_legend,Random Heroes Legend,Anh Hùng Huyền Thoại Ngẫu Nhiên,Zufälliger legendärer Held,Eroe Leggendario Casuale,Héros Légendaire Aléatoire,随机传说英雄,隨機傳說英雄,Herói Lendário Aleatório,Herói Lendário Aleatório,Héroe Legendario Aleatorio,Héroe Legendario Aleatorio,ฮีโร่ระดับตำนานแบบสุ่ม,Hero Legendaris Acak,무작위 전설 영웅,بطل أسطوري عشوائي,ランダムレジェンド英雄,Случайный легендарный герой,Rastgele Efsanevi Kahraman
ui_item_random_gear_ss,Random Gear SS,Trang Bị SS Ngẫu Nhiên,Zufällige SS-Ausrüstung,Equipaggiamento SS Casuale,Équipement SS Aléatoire,随机SS装备,隨機SS裝備,Equipamento SS Aleatório,Equipamento SS Aleatório,Equipo SS Aleatorio,Equipo SS Aleatorio,อุปกรณ์ SS แบบสุ่ม,Perlengkapan SS Acak,무작위 SS 장비,معدات SS عشوائية,ランダムSS装備,Случайное снаряжение SS,Rastgele SS Ekipman
ui_item_random_skill_ss,Random Skill SS,Kỹ Năng SS Ngẫu Nhiên,Zufällige SS-Fähigkeit,Abilità SS Casuale,Compétence SS Aléatoire,随机SS技能,隨機SS技能,Habilidade SS Aleatória,Habilidade SS Aleatória,Habilidad SS Aleatoria,Habilidad SS Aleatoria,สกิล SS แบบสุ่ม,Skill SS Acak,무작위 SS 스킬,مهارة SS عشوائية,ランダムSSスキル,Случайный навык SS,Rastgele SS Yetenek
ui_item_gold_decs,Standard currency used to upgrade heroes and equipment and purchase common items,"Tiền tệ phổ thông dùng để nâng cấp anh hùng, trang bị và mua vật phẩm thường",Standardwährung zum Verbessern von Helden und Ausrüstung sowie zum Kaufen gewöhnlicher Gegenstände,Valuta comune usata per potenziare eroi ed equipaggiamento e acquistare oggetti comuni,Monnaie courante utilisée pour améliorer les héros et l'équipement et acheter des objets ordinaires,用于升级英雄和装备以及购买普通物品的常用货币,用於升級英雄和裝備以及購買普通物品的常用貨幣,Moeda comum usada para melhorar heróis e equipamento e comprar itens comuns,Moeda comum usada para aprimorar heróis e equipamentos e comprar itens comuns,Moneda común usada para mejorar héroes y equipo y comprar objetos normales,Moneda común usada para mejorar héroes y equipo y comprar objetos comunes,สกุลเงินทั่วไปที่ใช้สำหรับอัปเกรดฮีโร่และอุปกรณ์ รวมถึงซื้อไอเทมทั่วไป,Mata uang umum untuk meningkatkan hero dan perlengkapan serta membeli item biasa,영웅과 장비를 강화하고 일반 아이템을 구매하는 데 사용하는 기본 재화,عملة أساسية تُستخدم لتطوير الأبطال والمعدات وشراء العناصر العادية,英雄や装備の強化、通常アイテムの購入に使用する基本通貨,Основная валюта для улучшения героев и снаряжения и покупки обычных предметов,Kahramanları ve ekipmanları geliştirmek ve normal eşyalar satın almak için kullanılan temel para birimi
ui_item_crystal_decs,Premium currency used for special summons and the Limited Shop,Tiền tệ cao cấp dùng cho triệu hồi đặc biệt và Cửa Hàng Giới Hạn,Premiumwährung für besondere Beschwörungen und den limitierten Shop,Valuta premium usata per evocazioni speciali e nel Negozio Limitato,Monnaie premium utilisée pour les invocations spéciales et la Boutique Limitée,用于特殊召唤和限时商店的高级货币,用於特殊召喚和限時商店的高級貨幣,Moeda premium usada em invocações especiais e na Loja Limitada,Moeda premium usada em invocações especiais e na Loja Limitada,Moneda premium usada para invocaciones especiales y en la Tienda Limitada,Moneda premium usada para invocaciones especiales y en la Tienda Limitada,สกุลเงินพรีเมียมที่ใช้สำหรับการอัญเชิญพิเศษและร้านค้าจำกัดเวลา,Mata uang premium untuk summon khusus dan Toko Terbatas,특별 소환과 한정 상점에서 사용하는 고급 재화,عملة مميزة تُستخدم للاستدعاءات الخاصة وفي المتجر المحدود,特別召喚や限定ショップで使用するプレミアム通貨,Премиальная валюта для особых призывов и магазина ограниченных товаров,Özel çağırmalar ve Sınırlı Mağaza için kullanılan premium para birimi
ui_item_diamond_decs,"Premium currency used to summon, purchase rare items, and speed up progress","Tiền tệ cao cấp dùng để triệu hồi, mua vật phẩm hiếm và tăng tốc tiến trình","Premiumwährung zum Beschwören, Kaufen seltener Gegenstände und Beschleunigen des Fortschritts","Valuta premium usata per evocare, acquistare oggetti rari e accelerare i progressi","Monnaie premium utilisée pour invoquer, acheter des objets rares et accélérer la progression",用于召唤、购买稀有物品和加速成长进度的高级货币,用於召喚、購買稀有物品和加速成長進度的高級貨幣,"Moeda premium usada para invocar, comprar itens raros e acelerar o progresso","Moeda premium usada para invocar, comprar itens raros e acelerar o progresso","Moneda premium usada para invocar, comprar objetos raros y acelerar el progreso","Moneda premium usada para invocar, comprar objetos raros y acelerar el progreso",สกุลเงินพรีเมียมที่ใช้สำหรับอัญเชิญ ซื้อไอเทมหายาก และเร่งความคืบหน้า,"Mata uang premium untuk summon, membeli item langka, dan mempercepat progres","소환, 희귀 아이템 구매 및 성장 가속에 사용하는 고급 재화",عملة مميزة تُستخدم للاستدعاء وشراء العناصر النادرة وتسريع التقدم,召喚、レアアイテムの購入、進行の加速に使用するプレミアム通貨,"Премиальная валюта для призыва, покупки редких предметов и ускорения прогресса","Çağırma, nadir eşya satın alma ve ilerlemeyi hızlandırma için kullanılan premium para birimi"
ui_item_energy_decs,"Used to enter dungeons, challenge bosses, and join special activities","Dùng để tham gia hầm ngục, khiêu chiến Boss và các hoạt động đặc biệt","Wird für Dungeons, Boss-Herausforderungen und besondere Aktivitäten benötigt","Usata per entrare nei dungeon, sfidare i boss e partecipare ad attività speciali","Utilisée pour entrer dans les donjons, défier les boss et participer aux activités spéciales",用于进入地下城、挑战首领和参加特殊活动,用於進入地下城、挑戰首領和參加特殊活動,"Usada para entrar em masmorras, desafiar chefes e participar em atividades especiais","Usada para entrar em masmorras, desafiar chefes e participar de atividades especiais","Se usa para entrar en mazmorras, desafiar jefes y participar en actividades especiales","Se usa para entrar en calabozos, desafiar jefes y participar en actividades especiales",ใช้สำหรับเข้าดันเจี้ยน ท้าทายบอส และเข้าร่วมกิจกรรมพิเศษ,"Digunakan untuk memasuki dungeon, menantang bos, dan mengikuti aktivitas khusus","던전 입장, 보스 도전 및 특별 활동 참여에 사용",تُستخدم لدخول الزنزانات وتحدي الزعماء والمشاركة في الأنشطة الخاصة,ダンジョンへの入場、ボスへの挑戦、特別なアクティビティへの参加に使用,"Используется для входа в подземелья, испытаний боссов и особых активностей","Zindanlara girmek, bosslara meydan okumak ve özel etkinliklere katılmak için kullanılır"
ui_item_arena_token_decs,Earned from Arena PvP and used in the Arena Shop,Nhận từ Arena PvP và dùng trong Cửa Hàng Arena,Wird im Arena-PvP verdient und im Arena-Shop verwendet,Ottenuta nell'Arena PvP e usata nel Negozio Arena,Obtenu en Arène JcJ et utilisé dans la Boutique d'Arène,通过竞技场对战获得，可在竞技场商店中使用,透過競技場對戰獲得，可在競技場商店中使用,Obtida na Arena PvP e usada na Loja da Arena,Obtida na Arena PvP e usada na Loja da Arena,Se obtiene en la Arena JcJ y se usa en la Tienda de Arena,Se obtiene en la Arena JcJ y se usa en la Tienda de Arena,ได้รับจาก Arena PvP และใช้ในร้านค้าอารีนา,Diperoleh dari Arena PvP dan digunakan di Toko Arena,아레나 PvP에서 획득하며 아레나 상점에서 사용,تُكتسب من حلبة لاعب ضد لاعب وتُستخدم في متجر الحلبة,アリーナPvPで獲得し、アリーナショップで使用,Можно получить в PvP на арене и использовать в магазине арены,Arena PvP'den kazanılır ve Arena Mağazası'nda kullanılır
ui_item_guild_coin_decs,Earned from Guild Bosses and Guild Events and used in the Guild Shop,"Nhận từ Guild Boss và Guild Event, dùng trong Cửa Hàng Bang Hội",Wird bei Gildenbossen und Gildenevents verdient und im Gilden-Shop verwendet,Ottenuta dai Boss di Gilda e dagli Eventi Gilda e usata nel Negozio Gilda,Obtenue auprès des Boss de Guilde et des Événements de Guilde et utilisée dans la Boutique de Guilde,通过公会首领和公会活动获得，可在公会商店中使用,透過公會首領和公會活動獲得，可在公會商店中使用,Obtida em Chefes de Guilda e Eventos de Guilda e usada na Loja da Guilda,Obtida em Chefes de Guilda e Eventos de Guilda e usada na Loja da Guilda,Se obtiene de Jefes de Gremio y Eventos de Gremio y se usa en la Tienda del Gremio,Se obtiene de Jefes de Gremio y Eventos de Gremio y se usa en la Tienda del Gremio,ได้รับจากบอสกิลด์และกิจกรรมกิลด์ และใช้ในร้านค้ากิลด์,Diperoleh dari Bos Guild dan Event Guild dan digunakan di Toko Guild,길드 보스와 길드 이벤트에서 획득하며 길드 상점에서 사용,تُكتسب من زعماء النقابة وفعاليات النقابة وتُستخدم في متجر النقابة,ギルドボスやギルドイベントで獲得し、ギルドショップで使用,Можно получить за боссов и события гильдии и использовать в магазине гильдии,Lonca Bossları ve Lonca Etkinliklerinden kazanılır ve Lonca Mağazası'nda kullanılır
ui_item_event_token_decs,Limited-time token used to exchange rewards in the Event Shop,Token giới hạn thời gian dùng để đổi thưởng trong Cửa Hàng Sự Kiện,Zeitlich begrenzte Marke zum Eintauschen von Belohnungen im Event-Shop,Gettone a tempo limitato usato per scambiare ricompense nel Negozio Evento,Jeton à durée limitée utilisé pour échanger des récompenses dans la Boutique d'Événement,限时活动代币，可在活动商店中兑换奖励,限時活動代幣，可在活動商店中兌換獎勵,Ficha temporária usada para trocar recompensas na Loja de Evento,Ficha temporária usada para trocar recompensas na Loja de Evento,Ficha temporal usada para canjear recompensas en la Tienda de Evento,Ficha temporal usada para canjear recompensas en la Tienda de Evento,โทเคนจำกัดเวลาที่ใช้แลกรางวัลในร้านค้ากิจกรรม,Token berbatas waktu untuk menukar hadiah di Toko Event,이벤트 상점에서 보상 교환에 사용하는 기간 한정 토큰,رمز محدود المدة يُستخدم لاستبدال المكافآت في متجر الفعالية,イベントショップで報酬交換に使用する期間限定トークン,Временный жетон для обмена на награды в магазине события,Etkinlik Mağazası'nda ödül takası için kullanılan süreli jeton
ui_item_summon_ticket_heroes_decs,Used to summon heroes from the standard banner,Dùng để triệu hồi anh hùng trong banner thường,Wird zur Heldenbeschwörung im Standardbanner verwendet,Usato per evocare eroi dal banner standard,Utilisé pour invoquer des héros depuis la bannière standard,用于在常驻卡池中召唤英雄,用於在常駐卡池中召喚英雄,Usado para invocar heróis no banner normal,Usado para invocar heróis no banner padrão,Se usa para invocar héroes en el banner estándar,Se usa para invocar héroes en el banner estándar,ใช้สำหรับอัญเชิญฮีโร่จากแบนเนอร์ปกติ,Digunakan untuk summon hero dari banner standar,일반 배너에서 영웅을 소환할 때 사용,تُستخدم لاستدعاء الأبطال من الراية العادية,通常召喚で英雄を召喚する際に使用,Используется для призыва героев в стандартном баннере,Standart bannerda kahraman çağırmak için kullanılır
ui_item_summon_ticket_weapon_decs,Used to summon weapons,Dùng để triệu hồi vũ khí,Wird zur Waffenbeschwörung verwendet,Usato per evocare armi,Utilisé pour invoquer des armes,用于召唤武器,用於召喚武器,Usado para invocar armas,Usado para invocar armas,Se usa para invocar armas,Se usa para invocar armas,ใช้สำหรับอัญเชิญอาวุธ,Digunakan untuk summon senjata,무기를 소환할 때 사용,تُستخدم لاستدعاء الأسلحة,武器を召喚する際に使用,Используется для призыва оружия,Silah çağırmak için kullanılır
ui_item_hero_exp_decs,Used to increase hero levels,Dùng để tăng cấp anh hùng,Wird zum Erhöhen der Heldenstufe verwendet,Usato per aumentare il livello degli eroi,Utilisé pour augmenter le niveau des héros,用于提升英雄等级,用於提升英雄等級,Usado para aumentar o nível dos heróis,Usado para aumentar o nível dos heróis,Se usa para aumentar el nivel de los héroes,Se usa para aumentar el nivel de los héroes,ใช้สำหรับเพิ่มเลเวลฮีโร่,Digunakan untuk meningkatkan level hero,영웅 레벨을 올릴 때 사용,تُستخدم لرفع مستوى الأبطال,英雄のレベルアップに使用,Используется для повышения уровня героев,Kahraman seviyesini yükseltmek için kullanılır
ui_item_hero_fragment_decs,Used to unlock heroes or increase their star level,Dùng để mở khóa hoặc tăng sao anh hùng,Wird zum Freischalten oder Erhöhen der Sterne eines Helden verwendet,Usato per sbloccare gli eroi o aumentarne le stelle,Utilisé pour débloquer les héros ou augmenter leurs étoiles,用于解锁英雄或提升英雄星级,用於解鎖英雄或提升英雄星級,Usado para desbloquear heróis ou aumentar as suas estrelas,Usado para desbloquear heróis ou aumentar suas estrelas,Se usa para desbloquear héroes o aumentar sus estrellas,Se usa para desbloquear héroes o aumentar sus estrellas,ใช้สำหรับปลดล็อกฮีโร่หรือเพิ่มระดับดาว,Digunakan untuk membuka hero atau meningkatkan bintangnya,영웅을 해금하거나 성급을 높일 때 사용,تُستخدم لفتح الأبطال أو زيادة مستوى نجومهم,英雄の解放や星ランクの上昇に使用,Используется для открытия героев или повышения их звёздности,Kahramanların kilidini açmak veya yıldız seviyelerini yükseltmek için kullanılır
ui_item_epic_hero_fragment_decs,Used to evolve Epic heroes,Dùng để tiến hóa anh hùng Epic,Wird zur Entwicklung epischer Helden verwendet,Usato per evolvere gli eroi Epici,Utilisé pour faire évoluer les héros Épiques,用于进化史诗英雄,用於進化史詩英雄,Usado para evoluir heróis Épicos,Usado para evoluir heróis Épicos,Se usa para evolucionar héroes Épicos,Se usa para evolucionar héroes Épicos,ใช้สำหรับวิวัฒนาการฮีโร่ระดับมหากาพย์,Digunakan untuk mengevolusi hero Epik,에픽 영웅을 진화시킬 때 사용,تُستخدم لتطوير الأبطال الملحميين,エピック英雄の進化に使用,Используется для эволюции эпических героев,Destansı kahramanları geliştirmek için kullanılır
ui_item_legendary_hero_fragment_decs,Used to evolve high-rarity Legendary heroes,Dùng để tiến hóa anh hùng Legendary cao cấp,Wird zur Entwicklung hochrangiger legendärer Helden verwendet,Usato per evolvere gli eroi Leggendari di alto livello,Utilisé pour faire évoluer les héros Légendaires de haut niveau,用于进化高阶传说英雄,用於進化高階傳說英雄,Usado para evoluir heróis Lendários de alto nível,Usado para evoluir heróis Lendários de alto nível,Se usa para evolucionar héroes Legendarios de alto nivel,Se usa para evolucionar héroes Legendarios de alto nivel,ใช้สำหรับวิวัฒนาการฮีโร่ระดับตำนานขั้นสูง,Digunakan untuk mengevolusi hero Legendaris tingkat tinggi,상위 전설 영웅을 진화시킬 때 사용,تُستخدم لتطوير الأبطال الأسطوريين من الرتب العليا,上位レジェンド英雄の進化に使用,Используется для эволюции высокоуровневых легендарных героев,Üst seviye Efsanevi kahramanları geliştirmek için kullanılır
ui_item_equipment_upgrade_stone_decs,Used to increase equipment levels,Dùng để tăng cấp trang bị,Wird zum Erhöhen der Ausrüstungsstufe verwendet,Usato per aumentare il livello dell'equipaggiamento,Utilisée pour augmenter le niveau de l'équipement,用于提升装备等级,用於提升裝備等級,Usado para aumentar o nível do equipamento,Usado para aumentar o nível dos equipamentos,Se usa para aumentar el nivel del equipo,Se usa para aumentar el nivel del equipo,ใช้สำหรับเพิ่มเลเวลอุปกรณ์,Digunakan untuk meningkatkan level perlengkapan,장비 레벨을 올릴 때 사용,تُستخدم لرفع مستوى المعدات,装備のレベルアップに使用,Используется для повышения уровня снаряжения,Ekipman seviyesini yükseltmek için kullanılır
ui_item_Gear_Refinement_Stone_decs,Used to refine or enhance equipment,Dùng để tinh luyện hoặc cường hóa trang bị,Wird zum Veredeln oder Verbessern von Ausrüstung verwendet,Usato per raffinare o potenziare l'equipaggiamento,Utilisée pour raffiner ou améliorer l'équipement,用于精炼或强化装备,用於精煉或強化裝備,Usado para refinar ou melhorar equipamento,Usado para refinar ou aprimorar equipamentos,Se usa para refinar o mejorar el equipo,Se usa para refinar o mejorar el equipo,ใช้สำหรับขัดเกลาหรือเสริมพลังอุปกรณ์,Digunakan untuk refinement atau meningkatkan perlengkapan,장비를 제련하거나 강화할 때 사용,تُستخدم لصقل المعدات أو تعزيزها,装備の精錬や強化に使用,Используется для закалки или улучшения снаряжения,Ekipmanı arıtmak veya geliştirmek için kullanılır
ui_item_Breakthrough_Stone_decs,Used for hero breakthroughs,Dùng để đột phá anh hùng,Wird für Heldendurchbrüche verwendet,Usato per la svolta degli eroi,Utilisée pour effectuer une percée de héros,用于英雄突破,用於英雄突破,Usado para a evolução especial dos heróis,Usado para realizar avanços de heróis,Se usa para realizar avances de héroes,Se usa para realizar avances de héroes,ใช้สำหรับทะลวงขีดจำกัดฮีโร่,Digunakan untuk breakthrough hero,영웅 돌파에 사용,تُستخدم لاختراق مستوى الأبطال,英雄の突破に使用,Используется для прорыва героев,Kahraman atılımı için kullanılır
ui_item_Transcendence_Stone_decs,Used to transcend high-level heroes,Dùng để siêu việt anh hùng cấp cao,Wird zur Transzendenz hochstufiger Helden verwendet,Usato per la trascendenza degli eroi di alto livello,Utilisé pour transcender les héros de haut niveau,用于高阶英雄超越,用於高階英雄超越,Usado para transcender heróis de alto nível,Usado para transcender heróis de alto nível,Se usa para trascender héroes de alto nivel,Se usa para trascender héroes de alto nivel,ใช้สำหรับก้าวข้ามฮีโร่ระดับสูง,Digunakan untuk transendensi hero tingkat tinggi,상위 영웅 초월에 사용,تُستخدم لتجاوز الأبطال من المستويات العليا,上位英雄の超越に使用,Используется для трансценденции высокоуровневых героев,Üst seviye kahramanları aşkınlaştırmak için kullanılır
ui_item_Equipment_Chest_decs,Contains a random piece of equipment,Chứa một trang bị ngẫu nhiên,Enthält einen zufälligen Ausrüstungsgegenstand,Contiene un equipaggiamento casuale,Contient une pièce d'équipement aléatoire,内含一件随机装备,內含一件隨機裝備,Contém uma peça de equipamento aleatória,Contém um equipamento aleatório,Contiene una pieza de equipo aleatoria,Contiene una pieza de equipo al azar,บรรจุอุปกรณ์แบบสุ่มหนึ่งชิ้น,Berisi satu perlengkapan acak,무작위 장비 1개 포함,يحتوي على قطعة معدات عشوائية,ランダムな装備が1個入っている,Содержит один случайный предмет снаряжения,Rastgele bir ekipman içerir
ui_item_Rare_Equipment_Chest_decs,Contains Rare or higher equipment,Chứa trang bị Rare hoặc cao hơn,Enthält seltene oder höherwertige Ausrüstung,Contiene equipaggiamento Raro o superiore,Contient de l'équipement Rare ou supérieur,内含稀有或更高品质的装备,內含稀有或更高品質的裝備,Contém equipamento Raro ou superior,Contém equipamento Raro ou superior,Contiene equipo Raro o superior,Contiene equipo Raro o superior,บรรจุอุปกรณ์ระดับหายากขึ้นไป,Berisi perlengkapan Langka atau lebih tinggi,희귀 등급 이상의 장비 포함,يحتوي على معدات نادرة أو أعلى,レア以上の装備が入っている,Содержит редкое или более качественное снаряжение,Nadir veya daha yüksek seviye ekipman içerir
ui_item_Epic_Equipment_Chest_decs,Contains Epic or higher equipment,Chứa trang bị Epic hoặc cao hơn,Enthält epische oder höherwertige Ausrüstung,Contiene equipaggiamento Epico o superiore,Contient de l'équipement Épique ou supérieur,内含史诗或更高品质的装备,內含史詩或更高品質的裝備,Contém equipamento Épico ou superior,Contém equipamento Épico ou superior,Contiene equipo Épico o superior,Contiene equipo Épico o superior,บรรจุอุปกรณ์ระดับมหากาพย์ขึ้นไป,Berisi perlengkapan Epik atau lebih tinggi,에픽 등급 이상의 장비 포함,يحتوي على معدات ملحمية أو أعلى,エピック以上の装備が入っている,Содержит эпическое или более качественное снаряжение,Destansı veya daha yüksek seviye ekipman içerir
ui_item_Legendary_Equipment_Chest_decs,Contains Legendary equipment,Chứa trang bị Legendary,Enthält legendäre Ausrüstung,Contiene equipaggiamento Leggendario,Contient de l'équipement Légendaire,内含传说装备,內含傳說裝備,Contém equipamento Lendário,Contém equipamento Lendário,Contiene equipo Legendario,Contiene equipo Legendario,บรรจุอุปกรณ์ระดับตำนาน,Berisi perlengkapan Legendaris,전설 장비 포함,يحتوي على معدات أسطورية,レジェンド装備が入っている,Содержит легендарное снаряжение,Efsanevi ekipman içerir
ui_item_Dungeon_Key_decs,Used to enter special dungeons,Dùng để vào hầm ngục đặc biệt,Wird zum Betreten besonderer Dungeons verwendet,Usata per entrare nei dungeon speciali,Utilisée pour entrer dans les donjons spéciaux,用于进入特殊地下城,用於進入特殊地下城,Usada para entrar em masmorras especiais,Usada para entrar em masmorras especiais,Se usa para entrar en mazmorras especiales,Se usa para entrar en calabozos especiales,ใช้สำหรับเข้าสู่ดันเจี้ยนพิเศษ,Digunakan untuk memasuki dungeon khusus,특별 던전 입장에 사용,تُستخدم لدخول الزنزانات الخاصة,特別なダンジョンへの入場に使用,Используется для входа в особые подземелья,Özel zindanlara girmek için kullanılır
ui_item_Boss_Challenge_Ticket_decs,Used to enter Boss Challenges,Dùng để tham gia Khiêu Chiến Boss,Wird zur Teilnahme an Boss-Herausforderungen verwendet,Usato per partecipare alle Sfide Boss,Utilisé pour participer aux Défis de Boss,用于参加首领挑战,用於參加首領挑戰,Usado para participar em Desafios de Chefe,Usado para participar de Desafios de Chefe,Se usa para participar en Desafíos de Jefe,Se usa para participar en Desafíos de Jefe,ใช้สำหรับเข้าร่วมการท้าทายบอส,Digunakan untuk mengikuti Tantangan Bos,보스 도전 참여에 사용,تُستخدم للمشاركة في تحديات الزعماء,ボス挑戦への参加に使用,Используется для участия в испытаниях босса,Boss Mücadelelerine katılmak için kullanılır
ui_item_Event_Dice_decs,Used in event board minigames,Dùng trong mini game bàn cờ sự kiện,Wird in Event-Brettminispielen verwendet,Usato nei minigiochi da tavolo degli eventi,Utilisé dans les mini-jeux de plateau d'événement,用于活动棋盘小游戏,用於活動棋盤小遊戲,Usado em minijogos de tabuleiro de evento,Usado em minijogos de tabuleiro de evento,Se usa en minijuegos de tablero de evento,Se usa en minijuegos de tablero de evento,ใช้ในมินิเกมกระดานกิจกรรม,Digunakan dalam minigame papan event,이벤트 보드 미니게임에서 사용,تُستخدم في ألعاب لوح الفعاليات المصغرة,イベントボードのミニゲームで使用,Используется в событийных настольных мини-играх,Etkinlik tahtası mini oyunlarında kullanılır
ui_item_Bingo_Ticket_decs,Used to reveal tiles in the Bingo Event,Dùng để mở ô trong Sự Kiện Bingo,Wird zum Aufdecken von Feldern im Bingo-Event verwendet,Usato per scoprire caselle nell'Evento Bingo,Utilisé pour révéler des cases dans l'Événement Bingo,用于翻开宾果活动中的格子,用於翻開賓果活動中的格子,Usado para revelar espaços no Evento de Bingo,Usado para revelar espaços no Evento de Bingo,Se usa para revelar casillas en el Evento de Bingo,Se usa para revelar casillas en el Evento de Bingo,ใช้สำหรับเปิดช่องในกิจกรรมบิงโก,Digunakan untuk membuka petak dalam Event Bingo,빙고 이벤트의 칸을 열 때 사용,تُستخدم لكشف الخانات في فعالية البينغو,ビンゴイベントのマスを開ける際に使用,Используется для открытия клеток в событии «Бинго»,Bingo Etkinliği'ndeki kareleri açmak için kullanılır
ui_item_Treasure_Map_decs,Used to unlock the Treasure Hunt Event,Dùng để mở Sự Kiện Truy Tìm Kho Báu,Wird zum Freischalten des Schatzsuche-Events verwendet,Usato per sbloccare l'Evento Caccia al Tesoro,Utilisé pour débloquer l'Événement Chasse au Trésor,用于开启寻宝活动,用於開啟尋寶活動,Usado para desbloquear o Evento de Caça ao Tesouro,Usado para desbloquear o Evento de Caça ao Tesouro,Se usa para desbloquear el Evento de Búsqueda del Tesoro,Se usa para desbloquear el Evento de Búsqueda del Tesoro,ใช้สำหรับปลดล็อกกิจกรรมล่าขุมทรัพย์,Digunakan untuk membuka Event Perburuan Harta Karun,보물찾기 이벤트를 해금할 때 사용,تُستخدم لفتح فعالية البحث عن الكنز,宝探しイベントの解放に使用,Используется для открытия события «Охота за сокровищами»,Hazine Avı Etkinliği'nin kilidini açmak için kullanılır
ui_item_Gold_Chest_decs,Open to receive Gold,Mở ra nhận Vàng,"Öffnen, um Gold zu erhalten",Apri per ricevere Oro,Ouvrez pour recevoir de l'Or,开启后获得金币,開啟後獲得金幣,Abre para receber Ouro,Abra para receber Ouro,Ábrelo para recibir Oro,Ábrelo para recibir Oro,เปิดเพื่อรับทอง,Buka untuk mendapatkan Emas,개봉 시 골드 획득,افتحه للحصول على الذهب,開封するとゴールドを獲得,"Откройте, чтобы получить золото",Açarak Altın kazan
ui_item_Diamond_Chest_decs,Open to receive Diamonds,Mở ra nhận Kim Cương,"Öffnen, um Diamanten zu erhalten",Apri per ricevere Diamanti,Ouvrez pour recevoir des Diamants,开启后获得钻石,開啟後獲得鑽石,Abre para receber Diamantes,Abra para receber Diamantes,Ábrelo para recibir Diamantes,Ábrelo para recibir Diamantes,เปิดเพื่อรับเพชร,Buka untuk mendapatkan Berlian,개봉 시 다이아 획득,افتحه للحصول على الألماس,開封するとダイヤを獲得,"Откройте, чтобы получить алмазы",Açarak Elmas kazan
ui_item_Resource_Pack_decs,Contains various upgrade resources,Chứa nhiều loại tài nguyên nâng cấp,Enthält verschiedene Verbesserungsressourcen,Contiene varie risorse di potenziamento,Contient diverses ressources d'amélioration,内含多种升级资源,內含多種升級資源,Contém vários recursos de melhoria,Contém vários recursos de aprimoramento,Contiene diversos recursos de mejora,Contiene varios recursos de mejora,บรรจุทรัพยากรอัปเกรดหลากหลายชนิด,Berisi berbagai sumber daya peningkatan,다양한 강화 자원 포함,تحتوي على موارد تطوير متنوعة,さまざまな強化素材が入っている,Содержит различные ресурсы для улучшения,Çeşitli geliştirme kaynakları içerir
ui_item_Pet_Egg_decs,Hatches into a pet that assists in battle,Nở ra thú cưng hỗ trợ chiến đấu,"Schlüpft zu einem Begleiter, der im Kampf hilft",Si schiude in un famiglio che aiuta in battaglia,Éclot en un familier qui aide au combat,孵化后获得可协助战斗的宠物,孵化後獲得可協助戰鬥的寵物,Choca e dá origem a uma mascote que ajuda em combate,Choca e concede um mascote que ajuda em combate,Eclosiona y otorga una mascota que ayuda en combate,Eclosiona y otorga una mascota que ayuda en combate,ฟักเป็นสัตว์เลี้ยงที่ช่วยต่อสู้,Menetas menjadi peliharaan yang membantu dalam pertempuran,부화하면 전투를 돕는 펫 획득,تفقس لتمنح حيوانًا أليفًا يساعد في القتال,孵化すると戦闘を支援するペットを獲得,"Из яйца вылупляется питомец, помогающий в бою",Açıldığında savaşta yardımcı olan bir evcil hayvan verir
ui_item_Pet_Upgrade_Food_decs,Used to upgrade pets,Dùng để nâng cấp thú cưng,Wird zum Verbessern von Begleitern verwendet,Usato per potenziare i famigli,Utilisée pour améliorer les familiers,用于升级宠物,用於升級寵物,Usado para melhorar mascotes,Usado para aprimorar mascotes,Se usa para mejorar mascotas,Se usa para mejorar mascotas,ใช้สำหรับอัปเกรดสัตว์เลี้ยง,Digunakan untuk meningkatkan peliharaan,펫 강화에 사용,تُستخدم لتطوير الحيوانات الأليفة,ペットの強化に使用,Используется для улучшения питомцев,Evcil hayvanları geliştirmek için kullanılır
ui_item_Relic_Fragment_decs,Used to unlock relics,Dùng để mở khóa thánh vật,Wird zum Freischalten von Relikten verwendet,Usato per sbloccare le reliquie,Utilisé pour débloquer les reliques,用于解锁圣物,用於解鎖聖物,Usado para desbloquear relíquias,Usado para desbloquear relíquias,Se usa para desbloquear reliquias,Se usa para desbloquear reliquias,ใช้สำหรับปลดล็อกวัตถุศักดิ์สิทธิ์,Digunakan untuk membuka relik,유물 해금에 사용,تُستخدم لفتح الآثار المقدسة,聖遺物の解放に使用,Используется для открытия реликвий,Kutsal emanetlerin kilidini açmak için kullanılır
ui_item_Relic_Upgrade_Stone_decs,Used to upgrade relics,Dùng để nâng cấp thánh vật,Wird zum Verbessern von Relikten verwendet,Usato per potenziare le reliquie,Utilisée pour améliorer les reliques,用于升级圣物,用於升級聖物,Usado para melhorar relíquias,Usado para aprimorar relíquias,Se usa para mejorar reliquias,Se usa para mejorar reliquias,ใช้สำหรับอัปเกรดวัตถุศักดิ์สิทธิ์,Digunakan untuk meningkatkan relik,유물 강화에 사용,تُستخدم لتطوير الآثار المقدسة,聖遺物の強化に使用,Используется для улучшения реликвий,Kutsal emanetleri geliştirmek için kullanılır
ui_item_Monster_Card_decs,Used to unlock passive bonuses,Dùng để mở khóa hiệu ứng nội tại,Wird zum Freischalten passiver Boni verwendet,Usata per sbloccare bonus passivi,Utilisée pour débloquer des bonus passifs,用于解锁被动加成,用於解鎖被動加成,Usada para desbloquear bónus passivos,Usada para desbloquear bônus passivos,Se usa para desbloquear bonificaciones pasivas,Se usa para desbloquear bonificaciones pasivas,ใช้สำหรับปลดล็อกโบนัสติดตัว,Digunakan untuk membuka bonus pasif,패시브 보너스 해금에 사용,تُستخدم لفتح المكافآت السلبية,パッシブボーナスの解放に使用,Используется для открытия пассивных бонусов,Pasif bonusların kilidini açmak için kullanılır
ui_item_Monster_Essence_decs,Used to upgrade Monster Cards,Dùng để nâng cấp Thẻ Quái Vật,Wird zum Verbessern von Monsterkarten verwendet,Usata per potenziare le Carte Mostro,Utilisée pour améliorer les Cartes de Monstre,用于升级怪物卡,用於升級怪物卡,Usada para melhorar Cartas de Monstro,Usada para aprimorar Cartas de Monstro,Se usa para mejorar Cartas de Monstruo,Se usa para mejorar Cartas de Monstruo,ใช้สำหรับอัปเกรดการ์ดมอนสเตอร์,Digunakan untuk meningkatkan Kartu Monster,몬스터 카드 강화에 사용,تُستخدم لتطوير بطاقات الوحوش,モンスターカードの強化に使用,Используется для улучшения карт монстров,Canavar Kartlarını geliştirmek için kullanılır
ui_item_Artifact_Fragment_decs,Used to unlock artifacts,Dùng để mở khóa cổ vật,Wird zum Freischalten von Artefakten verwendet,Usato per sbloccare gli artefatti,Utilisé pour débloquer les artéfacts,用于解锁神器,用於解鎖神器,Usado para desbloquear artefactos,Usado para desbloquear artefatos,Se usa para desbloquear artefactos,Se usa para desbloquear artefactos,ใช้สำหรับปลดล็อกอาร์ติแฟกต์,Digunakan untuk membuka artefak,아티팩트 해금에 사용,تُستخدم لفتح القطع الأثرية,アーティファクトの解放に使用,Используется для открытия артефактов,Artefaktların kilidini açmak için kullanılır
ui_item_Artifact_Upgrade_Core_decs,Used to upgrade artifacts,Dùng để nâng cấp cổ vật,Wird zum Verbessern von Artefakten verwendet,Usato per potenziare gli artefatti,Utilisée pour améliorer les artéfacts,用于升级神器,用於升級神器,Usado para melhorar artefactos,Usado para aprimorar artefatos,Se usa para mejorar artefactos,Se usa para mejorar artefactos,ใช้สำหรับอัปเกรดอาร์ติแฟกต์,Digunakan untuk meningkatkan artefak,아티팩트 강화에 사용,تُستخدم لتطوير القطع الأثرية,アーティファクトの強化に使用,Используется для улучшения артефактов,Artefaktları geliştirmek için kullanılır
ui_item_Resource_Coin_decs,Currency used in event leaderboards,Tiền tệ dùng trong bảng xếp hạng sự kiện,Währung für Event-Ranglisten,Valuta usata nelle classifiche degli eventi,Monnaie utilisée dans les classements d'événement,用于活动排行榜的货币,用於活動排行榜的貨幣,Moeda usada nas classificações de evento,Moeda usada nos rankings de evento,Moneda usada en las clasificaciones de eventos,Moneda usada en las clasificaciones de eventos,สกุลเงินที่ใช้ในอันดับกิจกรรม,Mata uang yang digunakan dalam peringkat event,이벤트 랭킹에서 사용하는 재화,عملة تُستخدم في تصنيفات الفعاليات,イベントランキングで使用する通貨,Валюта для рейтингов событий,Etkinlik sıralamalarında kullanılan para birimi
ui_item_Roulette_Ticket_decs,Used to spin the Lucky Wheel,Dùng để quay Vòng Quay May Mắn,Wird zum Drehen des Glücksrads verwendet,Usato per girare la Ruota della Fortuna,Utilisé pour faire tourner la Roue de la Fortune,用于转动幸运转盘,用於轉動幸運轉盤,Usado para girar a Roda da Sorte,Usado para girar a Roda da Sorte,Se usa para girar la Ruleta de la Suerte,Se usa para girar la Ruleta de la Suerte,ใช้สำหรับหมุนวงล้อโชคดี,Digunakan untuk memutar Roda Keberuntungan,행운의 룰렛을 돌릴 때 사용,تُستخدم لتدوير عجلة الحظ,幸運ルーレットを回す際に使用,Используется для вращения колеса удачи,Şans Çarkı'nı çevirmek için kullanılır
ui_item_Offline_Reward_Chest_decs,Contains idle rewards accumulated while offline,Chứa phần thưởng treo máy tích lũy khi ngoại tuyến,Enthält während der Abwesenheit angesammelte Belohnungen,Contiene ricompense accumulate mentre sei offline,Contient les récompenses inactives accumulées hors ligne,内含离线期间积累的挂机奖励,內含離線期間累積的掛機獎勵,Contém recompensas acumuladas enquanto estás offline,Contém recompensas acumuladas enquanto você está offline,Contiene recompensas acumuladas mientras estás desconectado,Contiene recompensas acumuladas mientras estás desconectado,บรรจุรางวัลออฟไลน์ที่สะสมระหว่างไม่ได้เข้าเกม,Berisi hadiah idle yang terkumpul saat offline,오프라인 동안 누적된 방치 보상 포함,يحتوي على مكافآت الخمول المتراكمة أثناء عدم الاتصال,オフライン中に蓄積された放置報酬が入っている,"Содержит награды, накопленные во время отсутствия",Çevrimdışıyken biriken boşta kalma ödüllerini içerir
ui_item_Quick_Loot_Ticket_decs,Used to instantly claim idle rewards,Dùng để nhận nhanh phần thưởng treo máy,Wird zum sofortigen Einsammeln von Abwesenheitsbelohnungen verwendet,Usato per riscuotere subito le ricompense inattive,Utilisé pour récupérer immédiatement les récompenses inactives,用于立即领取挂机奖励,用於立即領取掛機獎勵,Usado para recolher imediatamente recompensas inativas,Usado para coletar imediatamente recompensas inativas,Se usa para recoger inmediatamente las recompensas inactivas,Se usa para recoger inmediatamente las recompensas inactivas,ใช้สำหรับรับรางวัลออฟไลน์ทันที,Digunakan untuk langsung mengambil hadiah idle,방치 보상을 즉시 수령할 때 사용,تُستخدم لاستلام مكافآت الخمول فورًا,放置報酬を即座に受け取る際に使用,Используется для мгновенного получения наград за бездействие,Boşta kalma ödüllerini anında almak için kullanılır
ui_item_Awakening_Fruit_decs,Used to awaken heroes. Obtained from the Diamond Dungeon,"Dùng để thức tỉnh anh hùng, nhận từ Hầm Kim Cương",Wird zum Erwecken von Helden verwendet. Erhältlich im Diamant-Dungeon,Usato per risvegliare gli eroi. Ottenuto dal Dungeon dei Diamanti,Utilisé pour éveiller les héros. Obtenu dans le Donjon de Diamants,用于觉醒英雄，可从钻石地下城中获得,用於覺醒英雄，可從鑽石地下城中獲得,Usado para despertar heróis. Obtido na Masmorra de Diamantes,Usado para despertar heróis. Obtido na Masmorra de Diamantes,Se usa para despertar héroes. Se obtiene en la Mazmorra de Diamantes,Se usa para despertar héroes. Se obtiene en el Calabozo de Diamantes,ใช้สำหรับปลุกพลังฮีโร่ ได้รับจากดันเจี้ยนเพชร,Digunakan untuk awakening hero. Diperoleh dari Dungeon Berlian,영웅 각성에 사용하며 다이아 던전에서 획득,تُستخدم لإيقاظ الأبطال، ويمكن الحصول عليها من زنزانة الألماس,英雄の覚醒に使用。ダイヤダンジョンで獲得,Используется для пробуждения героев. Можно получить в Алмазном подземелье,Kahramanları uyandırmak için kullanılır. Elmas Zindanı'ndan elde edilir
ui_item_Weapon_Ore_decs,Used to upgrade weapons. Obtained from the Equipment Dungeon,"Dùng để nâng cấp vũ khí, nhận từ Hầm Trang Bị",Wird zum Verbessern von Waffen verwendet. Erhältlich im Ausrüstungs-Dungeon,Usato per potenziare le armi. Ottenuto dal Dungeon Equipaggiamento,Utilisé pour améliorer les armes. Obtenu dans le Donjon d'Équipement,用于升级武器，可从装备地下城中获得,用於升級武器，可從裝備地下城中獲得,Usado para melhorar armas. Obtido na Masmorra de Equipamento,Usado para aprimorar armas. Obtido na Masmorra de Equipamentos,Se usa para mejorar armas. Se obtiene en la Mazmorra de Equipo,Se usa para mejorar armas. Se obtiene en el Calabozo de Equipo,ใช้สำหรับอัปเกรดอาวุธ ได้รับจากดันเจี้ยนอุปกรณ์,Digunakan untuk meningkatkan senjata. Diperoleh dari Dungeon Perlengkapan,무기 강화에 사용하며 장비 던전에서 획득,تُستخدم لتطوير الأسلحة، ويمكن الحصول عليها من زنزانة المعدات,武器の強化に使用。装備ダンジョンで獲得,Используется для улучшения оружия. Можно получить в Подземелье снаряжения,Silahları geliştirmek için kullanılır. Ekipman Zindanı'ndan elde edilir
ui_item_Weapon_Gem_decs,Used to enhance weapons. Obtained from the Equipment Dungeon,"Dùng để cường hóa vũ khí, nhận từ Hầm Trang Bị",Wird zum Verstärken von Waffen verwendet. Erhältlich im Ausrüstungs-Dungeon,Usato per rafforzare le armi. Ottenuto dal Dungeon Equipaggiamento,Utilisé pour renforcer les armes. Obtenu dans le Donjon d'Équipement,用于强化武器，可从装备地下城中获得,用於強化武器，可從裝備地下城中獲得,Usado para fortalecer armas. Obtido na Masmorra de Equipamento,Usado para fortalecer armas. Obtido na Masmorra de Equipamentos,Se usa para reforzar armas. Se obtiene en la Mazmorra de Equipo,Se usa para reforzar armas. Se obtiene en el Calabozo de Equipo,ใช้สำหรับเสริมพลังอาวุธ ได้รับจากดันเจี้ยนอุปกรณ์,Digunakan untuk memperkuat senjata. Diperoleh dari Dungeon Perlengkapan,무기 성능 강화에 사용하며 장비 던전에서 획득,تُستخدم لتعزيز الأسلحة، ويمكن الحصول عليها من زنزانة المعدات,武器の性能強化に使用。装備ダンジョンで獲得,Используется для усиления оружия. Можно получить в Подземелье снаряжения,Silahları güçlendirmek için kullanılır. Ekipman Zindanı'ndan elde edilir
ui_item_Weapon_Essence_decs,Used for advanced weapon refinement. Obtained from the Equipment Dungeon,"Dùng để tinh luyện vũ khí cấp cao, nhận từ Hầm Trang Bị",Wird zur fortgeschrittenen Waffenveredelung verwendet. Erhältlich im Ausrüstungs-Dungeon,Usato per il raffinamento avanzato delle armi. Ottenuto dal Dungeon Equipaggiamento,Utilisé pour le raffinement avancé des armes. Obtenu dans le Donjon d'Équipement,用于高级武器精炼，可从装备地下城中获得,用於高級武器精煉，可從裝備地下城中獲得,Usado para refinamento avançado de armas. Obtido na Masmorra de Equipamento,Usado para refinamento avançado de armas. Obtido na Masmorra de Equipamentos,Se usa para el refinamiento avanzado de armas. Se obtiene en la Mazmorra de Equipo,Se usa para el refinamiento avanzado de armas. Se obtiene en el Calabozo de Equipo,ใช้สำหรับขัดเกลาอาวุธขั้นสูง ได้รับจากดันเจี้ยนอุปกรณ์,Digunakan untuk refinement senjata tingkat lanjut. Diperoleh dari Dungeon Perlengkapan,고급 무기 제련에 사용하며 장비 던전에서 획득,تُستخدم لصقل الأسلحة المتقدم، ويمكن الحصول عليها من زنزانة المعدات,上級武器精錬に使用。装備ダンジョンで獲得,Используется для продвинутой закалки оружия. Можно получить в Подземелье снаряжения,Gelişmiş silah arıtma için kullanılır. Ekipman Zindanı'ndan elde edilir
ui_item_Summon_Ticket_Skill_decs,Used to summon skills from the standard banner,Dùng để triệu hồi kỹ năng trong banner thường,Wird zur Fähigkeitsbeschwörung im Standardbanner verwendet,Usato per evocare abilità dal banner standard,Utilisé pour invoquer des compétences depuis la bannière standard,用于在常驻卡池中召唤技能,用於在常駐卡池中召喚技能,Usado para invocar habilidades no banner normal,Usado para invocar habilidades no banner padrão,Se usa para invocar habilidades en el banner estándar,Se usa para invocar habilidades en el banner estándar,ใช้สำหรับอัญเชิญสกิลจากแบนเนอร์ปกติ,Digunakan untuk summon skill dari banner standar,일반 배너에서 스킬을 소환할 때 사용,تُستخدم لاستدعاء المهارات من الراية العادية,通常召喚でスキルを召喚する際に使用,Используется для призыва навыков в стандартном баннере,Standart bannerda yetenek çağırmak için kullanılır
ui_item_Summon_Ticket_hero_banner_decs,Used to summon heroes from event banners,Dùng để triệu hồi anh hùng trong banner sự kiện,Wird zur Heldenbeschwörung in Eventbannern verwendet,Usato per evocare eroi dai banner evento,Utilisé pour invoquer des héros depuis les bannières d'événement,用于在活动卡池中召唤英雄,用於在活動卡池中召喚英雄,Usado para invocar heróis em banners de evento,Usado para invocar heróis em banners de evento,Se usa para invocar héroes en banners de evento,Se usa para invocar héroes en banners de evento,ใช้สำหรับอัญเชิญฮีโร่จากแบนเนอร์กิจกรรม,Digunakan untuk summon hero dari banner event,이벤트 배너에서 영웅을 소환할 때 사용,تُستخدم لاستدعاء الأبطال من رايات الفعاليات,イベント召喚で英雄を召喚する際に使用,Используется для призыва героев в событийных баннерах,Etkinlik bannerlarında kahraman çağırmak için kullanılır
ui_item_User_EXP_decs,Used to increase the player level,Dùng để tăng cấp người chơi,Wird zum Erhöhen der Spielerstufe verwendet,Usato per aumentare il livello del giocatore,Utilisée pour augmenter le niveau du joueur,用于提升玩家等级,用於提升玩家等級,Usado para aumentar o nível do jogador,Usado para aumentar o nível do jogador,Se usa para aumentar el nivel del jugador,Se usa para aumentar el nivel del jugador,ใช้สำหรับเพิ่มเลเวลผู้เล่น,Digunakan untuk meningkatkan level pemain,플레이어 레벨을 올릴 때 사용,تُستخدم لرفع مستوى اللاعب,プレイヤーのレベルアップに使用,Используется для повышения уровня игрока,Oyuncu seviyesini yükseltmek için kullanılır
ui_item_Lucky_Wheel_Ticket_Silver_decs,Used to spin the standard Lucky Wheel,Dùng để quay Vòng Quay May Mắn thường,Wird zum Drehen des normalen Glücksrads verwendet,Usato per girare la Ruota della Fortuna standard,Utilisé pour faire tourner la Roue de la Fortune standard,用于转动普通幸运转盘,用於轉動普通幸運轉盤,Usado para girar a Roda da Sorte normal,Usado para girar a Roda da Sorte padrão,Se usa para girar la Ruleta de la Suerte estándar,Se usa para girar la Ruleta de la Suerte estándar,ใช้สำหรับหมุนวงล้อโชคดีทั่วไป,Digunakan untuk memutar Roda Keberuntungan standar,일반 행운의 룰렛을 돌릴 때 사용,تُستخدم لتدوير عجلة الحظ العادية,通常の幸運ルーレットを回す際に使用,Используется для вращения обычного колеса удачи,Standart Şans Çarkı'nı çevirmek için kullanılır
ui_item_Lucky_Wheel_Ticket_Gold_decs,Used to spin the premium Lucky Wheel,Dùng để quay Vòng Quay May Mắn cao cấp,Wird zum Drehen des Premium-Glücksrads verwendet,Usato per girare la Ruota della Fortuna premium,Utilisé pour faire tourner la Roue de la Fortune premium,用于转动高级幸运转盘,用於轉動高級幸運轉盤,Usado para girar a Roda da Sorte premium,Usado para girar a Roda da Sorte premium,Se usa para girar la Ruleta de la Suerte premium,Se usa para girar la Ruleta de la Suerte premium,ใช้สำหรับหมุนวงล้อโชคดีพรีเมียม,Digunakan untuk memutar Roda Keberuntungan premium,프리미엄 행운의 룰렛을 돌릴 때 사용,تُستخدم لتدوير عجلة الحظ المميزة,プレミアム幸運ルーレットを回す際に使用,Используется для вращения премиального колеса удачи,Premium Şans Çarkı'nı çevirmek için kullanılır
ui_item_Lucky_Wheel_Point_decs,Used to exchange rewards in the Lucky Wheel Shop,Dùng để đổi thưởng trong Cửa Hàng Vòng Quay,Wird zum Eintauschen von Belohnungen im Glücksrad-Shop verwendet,Usato per scambiare ricompense nel Negozio della Ruota,Utilisé pour échanger des récompenses dans la Boutique de la Roue,用于在幸运转盘商店中兑换奖励,用於在幸運轉盤商店中兌換獎勵,Usado para trocar recompensas na Loja da Roda,Usado para trocar recompensas na Loja da Roda,Se usa para canjear recompensas en la Tienda de la Ruleta,Se usa para canjear recompensas en la Tienda de la Ruleta,ใช้สำหรับแลกรางวัลในร้านค้าวงล้อ,Digunakan untuk menukar hadiah di Toko Roda,룰렛 상점에서 보상을 교환할 때 사용,تُستخدم لاستبدال المكافآت في متجر عجلة الحظ,ルーレットショップで報酬交換に使用,Используется для обмена наград в магазине колеса удачи,Şans Çarkı Mağazası'nda ödül takası için kullanılır
ui_item_random_heroes_legend_decs,Open to receive a random hero,Mở ra nhận một anh hùng ngẫu nhiên,"Öffnen, um einen zufälligen Helden zu erhalten",Apri per ricevere un eroe casuale,Ouvrez pour recevoir un héros aléatoire,开启后获得一名随机英雄,開啟後獲得一名隨機英雄,Abre para receber um herói aleatório,Abra para receber um herói aleatório,Ábrelo para recibir un héroe aleatorio,Ábrelo para recibir un héroe al azar,เปิดเพื่อรับฮีโร่แบบสุ่ม,Buka untuk mendapatkan hero acak,개봉 시 무작위 영웅 획득,افتحه للحصول على بطل عشوائي,開封するとランダムな英雄を獲得,"Откройте, чтобы получить случайного героя",Açarak rastgele bir kahraman kazan
ui_item_random_gear_ss_decs,Open to receive a random piece of equipment,Mở ra nhận một trang bị ngẫu nhiên,"Öffnen, um einen zufälligen Ausrüstungsgegenstand zu erhalten",Apri per ricevere un equipaggiamento casuale,Ouvrez pour recevoir une pièce d'équipement aléatoire,开启后获得一件随机装备,開啟後獲得一件隨機裝備,Abre para receber uma peça de equipamento aleatória,Abra para receber um equipamento aleatório,Ábrelo para recibir una pieza de equipo aleatoria,Ábrelo para recibir una pieza de equipo al azar,เปิดเพื่อรับอุปกรณ์แบบสุ่ม,Buka untuk mendapatkan perlengkapan acak,개봉 시 무작위 장비 획득,افتحه للحصول على قطعة معدات عشوائية,開封するとランダムな装備を獲得,"Откройте, чтобы получить случайный предмет снаряжения",Açarak rastgele bir ekipman kazan
ui_item_random_skill_ss_decs,Open to receive a random skill,Mở ra nhận một kỹ năng ngẫu nhiên,"Öffnen, um eine zufällige Fähigkeit zu erhalten",Apri per ricevere un'abilità casuale,Ouvrez pour recevoir une compétence aléatoire,开启后获得一个随机技能,開啟後獲得一個隨機技能,Abre para receber uma habilidade aleatória,Abra para receber uma habilidade aleatória,Ábrelo para recibir una habilidad aleatoria,Ábrelo para recibir una habilidad al azar,เปิดเพื่อรับสกิลแบบสุ่ม,Buka untuk mendapatkan skill acak,개봉 시 무작위 스킬 획득,افتحه للحصول على مهارة عشوائية,開封するとランダムなスキルを獲得,"Откройте, чтобы получить случайный навык",Açarak rastgele bir yetenek kazan
ui_event_pack_wheel_1,Free Pack,Gói Miễn Phí,Gratispaket,Pacchetto Gratuito,Pack Gratuit,免费礼包,免費禮包,Pacote Grátis,Pacote Grátis,Pack Gratis,Paquete Gratis,แพ็กฟรี,Paket Gratis,무료 패키지,حزمة مجانية,無料パック,Бесплатный набор,Ücretsiz Paket
ui_event_pack_wheel_2,Small Silver Ticket Pack,Gói Vé Bạc Nhỏ,Kleines Silberticket-Paket,Pacchetto Piccolo Biglietti d'Argento,Petit Pack de Tickets Argentés,小型白银券礼包,小型白銀券禮包,Pacote Pequeno de Bilhetes de Prata,Pacote Pequeno de Bilhetes Prateados,Pack Pequeño de Tickets Plateados,Paquete Pequeño de Boletos Plateados,แพ็กตั๋วเงินขนาดเล็ก,Paket Kecil Tiket Perak,소형 실버 티켓 패키지,حزمة تذاكر فضية صغيرة,小型シルバーチケットパック,Малый набор серебряных билетов,Küçük Gümüş Bilet Paketi
ui_event_pack_wheel_3,Large Silver Ticket Pack,Gói Vé Bạc Lớn,Großes Silberticket-Paket,Pacchetto Grande Biglietti d'Argento,Grand Pack de Tickets Argentés,大型白银券礼包,大型白銀券禮包,Pacote Grande de Bilhetes de Prata,Pacote Grande de Bilhetes Prateados,Pack Grande de Tickets Plateados,Paquete Grande de Boletos Plateados,แพ็กตั๋วเงินขนาดใหญ่,Paket Besar Tiket Perak,대형 실버 티켓 패키지,حزمة تذاكر فضية كبيرة,大型シルバーチケットパック,Большой набор серебряных билетов,Büyük Gümüş Bilet Paketi
ui_event_pack_wheel_4,Small Gold Ticket Pack,Gói Vé Vàng Nhỏ,Kleines Goldticket-Paket,Pacchetto Piccolo Biglietti d'Oro,Petit Pack de Tickets Dorés,小型黄金券礼包,小型黃金券禮包,Pacote Pequeno de Bilhetes de Ouro,Pacote Pequeno de Bilhetes Dourados,Pack Pequeño de Tickets Dorados,Paquete Pequeño de Boletos Dorados,แพ็กตั๋วทองขนาดเล็ก,Paket Kecil Tiket Emas,소형 골드 티켓 패키지,حزمة تذاكر ذهبية صغيرة,小型ゴールドチケットパック,Малый набор золотых билетов,Küçük Altın Bilet Paketi
ui_event_pack_wheel_5,Large Gold Ticket Pack,Gói Vé Vàng Lớn,Großes Goldticket-Paket,Pacchetto Grande Biglietti d'Oro,Grand Pack de Tickets Dorés,大型黄金券礼包,大型黃金券禮包,Pacote Grande de Bilhetes de Ouro,Pacote Grande de Bilhetes Dourados,Pack Grande de Tickets Dorados,Paquete Grande de Boletos Dorados,แพ็กตั๋วทองขนาดใหญ่,Paket Besar Tiket Emas,대형 골드 티켓 패키지,حزمة تذاكر ذهبية كبيرة,大型ゴールドチケットパック,Большой набор золотых билетов,Büyük Altın Bilet Paketi
ui_event_pack_wheel_6,Small Lucky Points Pack,Gói Điểm May Mắn Nhỏ,Kleines Glückspunkte-Paket,Pacchetto Piccolo Punti Fortuna,Petit Pack de Points de Chance,小型幸运积分礼包,小型幸運積分禮包,Pacote Pequeno de Pontos de Sorte,Pacote Pequeno de Pontos da Sorte,Pack Pequeño de Puntos de Suerte,Paquete Pequeño de Puntos de Suerte,แพ็กแต้มโชคดีขนาดเล็ก,Paket Kecil Poin Keberuntungan,소형 행운 포인트 패키지,حزمة نقاط حظ صغيرة,小型幸運ポイントパック,Малый набор очков удачи,Küçük Şans Puanı Paketi
ui_event_pack_wheel_7,Large Lucky Points Pack,Gói Điểm May Mắn Lớn,Großes Glückspunkte-Paket,Pacchetto Grande Punti Fortuna,Grand Pack de Points de Chance,大型幸运积分礼包,大型幸運積分禮包,Pacote Grande de Pontos de Sorte,Pacote Grande de Pontos da Sorte,Pack Grande de Puntos de Suerte,Paquete Grande de Puntos de Suerte,แพ็กแต้มโชคดีขนาดใหญ่,Paket Besar Poin Keberuntungan,대형 행운 포인트 패키지,حزمة نقاط حظ كبيرة,大型幸運ポイントパック,Большой набор очков удачи,Büyük Şans Puanı Paketi
ui_event_pack_wheel_8,Lucky Wheel Combo,Combo Vòng Quay,Glücksrad-Kombipaket,Combo Ruota della Fortuna,Combo Roue de la Fortune,幸运转盘组合礼包,幸運轉盤組合禮包,Combo da Roda da Sorte,Combo da Roda da Sorte,Combo de la Ruleta de la Suerte,Combo de la Ruleta de la Suerte,คอมโบวงล้อโชคดี,Kombo Roda Keberuntungan,행운의 룰렛 콤보,حزمة عجلة الحظ,幸運ルーレットコンボ,Комбо колеса удачи,Şans Çarkı Kombosu
ui_event_pack_bl_1,Lucky Wheel All-In Combo,Combo Tất Tay Vòng Quay,Glücksrad-All-in-Kombipaket,Combo All-In Ruota della Fortuna,Combo Tout-Miser Roue de la Fortune,幸运转盘豪华组合礼包,幸運轉盤豪華組合禮包,Combo Tudo ou Nada da Roda da Sorte,Combo Tudo ou Nada da Roda da Sorte,Combo Todo o Nada de la Ruleta,Combo Todo o Nada de la Ruleta,คอมโบทุ่มสุดตัววงล้อโชคดี,Kombo All-In Roda Keberuntungan,행운의 룰렛 올인 콤보,حزمة كل شيء لعجلة الحظ,幸運ルーレット全賭けコンボ,Комбо «Всё или ничего»,Şans Çarkı Her Şey Dahil Kombosu
ui_event_pack_bl_2,Frost Dragon Pack $0.99,Gói Băng Long 25.000₫,"Frostdrachen-Paket 0,99 €","Pacchetto Drago Gelido 0,99 €","Pack Dragon de Givre 0,99 €",冰龙礼包 ¥6,冰龍禮包 NT$30,"Pacote Dragão de Gelo 0,99 €","Pacote Dragão de Gelo R$ 4,90","Pack Dragón de Hielo 0,99 €",Paquete Dragón de Hielo MX$19,แพ็กมังกรน้ำแข็ง ฿35,Paket Naga Es Rp15.000,"빙룡 패키지 ₩1,500",حزمة التنين الجليدي 3.99 ر.س,氷竜パック ¥160,Набор Ледяного Дракона 99 ₽,"Buz Ejderhası Paketi ₺39,99"
ui_event_pack_bl_3,Frost Dragon Pack $1.99,Gói Băng Long 49.000₫,"Frostdrachen-Paket 1,99 €","Pacchetto Drago Gelido 1,99 €","Pack Dragon de Givre 1,99 €",冰龙礼包 ¥12,冰龍禮包 NT$60,"Pacote Dragão de Gelo 1,99 €","Pacote Dragão de Gelo R$ 9,90","Pack Dragón de Hielo 1,99 €",Paquete Dragón de Hielo MX$39,แพ็กมังกรน้ำแข็ง ฿70,Paket Naga Es Rp30.000,"빙룡 패키지 ₩3,000",حزمة التنين الجليدي 7.99 ر.س,氷竜パック ¥320,Набор Ледяного Дракона 199 ₽,"Buz Ejderhası Paketi ₺79,99"
ui_event_pack_bl_4,Frost Dragon Pack $2.99,Gói Băng Long 69.000₫,"Frostdrachen-Paket 2,99 €","Pacchetto Drago Gelido 2,99 €","Pack Dragon de Givre 2,99 €",冰龙礼包 ¥18,冰龍禮包 NT$90,"Pacote Dragão de Gelo 2,99 €","Pacote Dragão de Gelo R$ 14,90","Pack Dragón de Hielo 2,99 €",Paquete Dragón de Hielo MX$59,แพ็กมังกรน้ำแข็ง ฿110,Paket Naga Es Rp45.000,"빙룡 패키지 ₩4,400",حزمة التنين الجليدي 11.99 ر.س,氷竜パック ¥480,Набор Ледяного Дракона 299 ₽,"Buz Ejderhası Paketi ₺119,99"
ui_event_pack_bl_5,Frost Dragon Pack $4.99,Gói Băng Long 119.000₫,"Frostdrachen-Paket 4,99 €","Pacchetto Drago Gelido 4,99 €","Pack Dragon de Givre 4,99 €",冰龙礼包 ¥30,冰龍禮包 NT$150,"Pacote Dragão de Gelo 4,99 €","Pacote Dragão de Gelo R$ 24,90","Pack Dragón de Hielo 4,99 €",Paquete Dragón de Hielo MX$99,แพ็กมังกรน้ำแข็ง ฿179,Paket Naga Es Rp79.000,"빙룡 패키지 ₩7,500",حزمة التنين الجليدي 18.99 ر.س,氷竜パック ¥800,Набор Ледяного Дракона 499 ₽,"Buz Ejderhası Paketi ₺199,99"
ui_event_pack_bl_6,Frost Dragon Pack $9.99,Gói Băng Long 239.000₫,"Frostdrachen-Paket 9,99 €","Pacchetto Drago Gelido 9,99 €","Pack Dragon de Givre 9,99 €",冰龙礼包 ¥68,冰龍禮包 NT$300,"Pacote Dragão de Gelo 9,99 €","Pacote Dragão de Gelo R$ 49,90","Pack Dragón de Hielo 9,99 €",Paquete Dragón de Hielo MX$199,แพ็กมังกรน้ำแข็ง ฿349,Paket Naga Es Rp159.000,"빙룡 패키지 ₩15,000",حزمة التنين الجليدي 37.99 ر.س,"氷竜パック ¥1,600",Набор Ледяного Дракона 999 ₽,"Buz Ejderhası Paketi ₺399,99"
ui_event_pack_bl_7,Frost Dragon Pack $19.99,Gói Băng Long 469.000₫,"Frostdrachen-Paket 19,99 €","Pacchetto Drago Gelido 19,99 €","Pack Dragon de Givre 19,99 €",冰龙礼包 ¥128,冰龍禮包 NT$590,"Pacote Dragão de Gelo 19,99 €","Pacote Dragão de Gelo R$ 99,90","Pack Dragón de Hielo 19,99 €",Paquete Dragón de Hielo MX$399,แพ็กมังกรน้ำแข็ง ฿699,Paket Naga Es Rp319.000,"빙룡 패키지 ₩30,000",حزمة التنين الجليدي 74.99 ر.س,"氷竜パック ¥3,200",Набор Ледяного Дракона 1 999 ₽,"Buz Ejderhası Paketi ₺799,99"
ui_event_pack_bl_8,Frost Dragon Pack $29.99,Gói Băng Long 689.000₫,"Frostdrachen-Paket 29,99 €","Pacchetto Drago Gelido 29,99 €","Pack Dragon de Givre 29,99 €",冰龙礼包 ¥198,冰龍禮包 NT$890,"Pacote Dragão de Gelo 29,99 €","Pacote Dragão de Gelo R$ 149,90","Pack Dragón de Hielo 29,99 €",Paquete Dragón de Hielo MX$599,"แพ็กมังกรน้ำแข็ง ฿1,050",Paket Naga Es Rp479.000,"빙룡 패키지 ₩45,000",حزمة التنين الجليدي 112.99 ر.س,"氷竜パック ¥4,800",Набор Ледяного Дракона 2 999 ₽,"Buz Ejderhası Paketi ₺1.199,99"
ui_event_pack_bl_9,Frost Dragon Pack $49.99 - Bonus Hero,Gói Băng Long 1.190.000₫ - Tặng Anh Hùng,"Frostdrachen-Paket 49,99 € – Bonusheld","Pacchetto Drago Gelido 49,99 € - Eroe Bonus","Pack Dragon de Givre 49,99 € - Héros Bonus",冰龙礼包 ¥328 - 赠送英雄,"冰龍禮包 NT$1,490 - 贈送英雄","Pacote Dragão de Gelo 49,99 € - Herói Bónus","Pacote Dragão de Gelo R$ 249,90 - Herói Bônus","Pack Dragón de Hielo 49,99 € - Héroe Adicional",Paquete Dragón de Hielo MX$999 - Héroe Adicional,"แพ็กมังกรน้ำแข็ง ฿1,750 - แถมฮีโร่",Paket Naga Es Rp799.000 - Bonus Hero,"빙룡 패키지 ₩75,000 - 영웅 보너스",حزمة التنين الجليدي 187.99 ر.س - بطل إضافي,"氷竜パック ¥8,000 - 英雄ボーナス",Набор Ледяного Дракона 4 999 ₽ — бонусный герой,"Buz Ejderhası Paketi ₺1.999,99 - Bonus Kahraman"
ui_event_pack_bl_10,Day 1 Check-In Pack,Gói Check-in Ngày 1,Check-in-Paket Tag 1,Pacchetto Check-in Giorno 1,Pack de Connexion Jour 1,第1天签到礼包,第1天簽到禮包,Pacote de Login do Dia 1,Pacote de Login do Dia 1,Pack de Inicio de Sesión Día 1,Paquete de Inicio de Sesión Día 1,แพ็กเช็กอินวันที่ 1,Paket Login Hari 1,1일 차 출석 패키지,حزمة تسجيل الدخول لليوم 1,1日目ログインパック,"Набор за вход, день 1",Gün Giriş Paketi
ui_event_pack_bl_11,Day 2 Check-In Pack,Gói Check-in Ngày 2,Check-in-Paket Tag 2,Pacchetto Check-in Giorno 2,Pack de Connexion Jour 2,第2天签到礼包,第2天簽到禮包,Pacote de Login do Dia 2,Pacote de Login do Dia 2,Pack de Inicio de Sesión Día 2,Paquete de Inicio de Sesión Día 2,แพ็กเช็กอินวันที่ 2,Paket Login Hari 2,2일 차 출석 패키지,حزمة تسجيل الدخول لليوم 2,2日目ログインパック,"Набор за вход, день 2",Gün Giriş Paketi
ui_event_pack_bl_12,Day 3 Check-In Pack,Gói Check-in Ngày 3,Check-in-Paket Tag 3,Pacchetto Check-in Giorno 3,Pack de Connexion Jour 3,第3天签到礼包,第3天簽到禮包,Pacote de Login do Dia 3,Pacote de Login do Dia 3,Pack de Inicio de Sesión Día 3,Paquete de Inicio de Sesión Día 3,แพ็กเช็กอินวันที่ 3,Paket Login Hari 3,3일 차 출석 패키지,حزمة تسجيل الدخول لليوم 3,3日目ログインパック,"Набор за вход, день 3",Gün Giriş Paketi
ui_event_pack_bl_13,Day 4 Check-In Pack,Gói Check-in Ngày 4,Check-in-Paket Tag 4,Pacchetto Check-in Giorno 4,Pack de Connexion Jour 4,第4天签到礼包,第4天簽到禮包,Pacote de Login do Dia 4,Pacote de Login do Dia 4,Pack de Inicio de Sesión Día 4,Paquete de Inicio de Sesión Día 4,แพ็กเช็กอินวันที่ 4,Paket Login Hari 4,4일 차 출석 패키지,حزمة تسجيل الدخول لليوم 4,4日目ログインパック,"Набор за вход, день 4",Gün Giriş Paketi
ui_event_pack_bl_14,Day 5 Check-In Pack,Gói Check-in Ngày 5,Check-in-Paket Tag 5,Pacchetto Check-in Giorno 5,Pack de Connexion Jour 5,第5天签到礼包,第5天簽到禮包,Pacote de Login do Dia 5,Pacote de Login do Dia 5,Pack de Inicio de Sesión Día 5,Paquete de Inicio de Sesión Día 5,แพ็กเช็กอินวันที่ 5,Paket Login Hari 5,5일 차 출석 패키지,حزمة تسجيل الدخول لليوم 5,5日目ログインパック,"Набор за вход, день 5",Gün Giriş Paketi
ui_event_pack_bl_15,Day 6 Check-In Pack,Gói Check-in Ngày 6,Check-in-Paket Tag 6,Pacchetto Check-in Giorno 6,Pack de Connexion Jour 6,第6天签到礼包,第6天簽到禮包,Pacote de Login do Dia 6,Pacote de Login do Dia 6,Pack de Inicio de Sesión Día 6,Paquete de Inicio de Sesión Día 6,แพ็กเช็กอินวันที่ 6,Paket Login Hari 6,6일 차 출석 패키지,حزمة تسجيل الدخول لليوم 6,6日目ログインパック,"Набор за вход, день 6",Gün Giriş Paketi
ui_event_pack_bl_16,Day 7 Check-In Pack,Gói Check-in Ngày 7,Check-in-Paket Tag 7,Pacchetto Check-in Giorno 7,Pack de Connexion Jour 7,第7天签到礼包,第7天簽到禮包,Pacote de Login do Dia 7,Pacote de Login do Dia 7,Pack de Inicio de Sesión Día 7,Paquete de Inicio de Sesión Día 7,แพ็กเช็กอินวันที่ 7,Paket Login Hari 7,7일 차 출석 패키지,حزمة تسجيل الدخول لليوم 7,7日目ログインパック,"Набор за вход, день 7",Gün Giriş Paketi
ui_HP,HP,HP,LP,PV,PV,生命,生命,PV,PV,PS,PV,HP,HP,HP,نقاط الصحة,HP,ОЗ,Can
ui_ATK,ATK,Tấn Công,ANG,ATT,ATQ,攻击,攻擊,ATQ,ATQ,ATQ,ATQ,พลังโจมตี,ATK,공격력,الهجوم,攻撃力,АТК,Saldırı
ui_DEF,DEF,Phòng Thủ,VER,DIF,DÉF,防御,防禦,DEF,DEF,DEF,DEF,พลังป้องกัน,DEF,방어력,الدفاع,防御力,ЗАЩ,Savunma
ui_SPD,SPD,Tốc Độ,GES,VEL,VIT,速度,速度,VEL,VEL,VEL,VEL,ความเร็ว,SPD,속도,السرعة,速度,СКР,Hız
ui_HP_PCT,HP %,HP %,LP %,PV %,PV %,生命 %,生命 %,PV %,PV %,PS %,PV %,HP %,HP %,HP %,نقاط الصحة %,HP %,ОЗ %,Can %
ui_ATK_PCT,ATK %,Tấn Công %,ANG %,ATT %,ATQ %,攻击 %,攻擊 %,ATQ %,ATQ %,ATQ %,ATQ %,พลังโจมตี %,ATK %,공격력 %,الهجوم %,攻撃力 %,АТК %,Saldırı %
ui_DEF_PCT,DEF %,Phòng Thủ %,VER %,DIF %,DÉF %,防御 %,防禦 %,DEF %,DEF %,DEF %,DEF %,พลังป้องกัน %,DEF %,방어력 %,الدفاع %,防御力 %,ЗАЩ %,Savunma %
ui_SPD_PCT,SPD %,Tốc Độ %,GES %,VEL %,VIT %,速度 %,速度 %,VEL %,VEL %,VEL %,VEL %,ความเร็ว %,SPD %,속도 %,السرعة %,速度 %,СКР %,Hız %
ui_CRIT_RATE,Crit Rate,Tỷ Lệ Bạo Kích,Krit-Rate,Prob. Critico,Taux Critique,暴击率,暴擊率,Taxa Crítica,Taxa Crítica,Prob. Crítico,Prob. Crítico,อัตราคริติคอล,Crit Rate,치명타 확률,معدل الضربة الحرجة,会心率,Шанс крита,Kritik Oranı
ui_CRIT_DMG,Crit DMG,Sát Thương Bạo Kích,Krit-Schaden,Danno Critico,Dégâts Critiques,暴击伤害,暴擊傷害,Dano Crítico,Dano Crítico,Daño Crítico,Daño Crítico,ความเสียหายคริติคอล,Crit DMG,치명타 피해,ضرر الضربة الحرجة,会心ダメージ,Критический урон,Kritik Hasar
ui_ACC,Accuracy,Chính Xác,Präzision,Precisione,Précision,命中,命中,Precisão,Precisão,Precisión,Precisión,ความแม่นยำ,Akurasi,명중,الدقة,命中,Точность,İsabet
ui_EVA,Evasion,Né Tránh,Ausweichen,Elusione,Esquive,闪避,閃避,Esquiva,Esquiva,Evasión,Evasión,การหลบหลีก,Evasion,회피,المراوغة,回避,Уклонение,Kaçınma
ui_DMG_BONUS,DMG Bonus,Tăng Sát Thương,Schadensbonus,Bonus Danno,Bonus de Dégâts,伤害加成,傷害加成,Bónus de Dano,Bônus de Dano,Bonificación de Daño,Bono de Daño,โบนัสความเสียหาย,Bonus DMG,피해량 증가,زيادة الضرر,ダメージ増加,Бонус урона,Hasar Bonusu
ui_BASIC_DMG_BONUS,Basic Attack DMG Bonus,Tăng Sát Thương Đánh Thường,Standardschaden-Bonus,Bonus Danno Attacco Base,Bonus de Dégâts d'Attaque Normale,普攻伤害加成,普攻傷害加成,Bónus de Dano de Ataque Básico,Bônus de Dano de Ataque Básico,Bonificación de Daño de Ataque Básico,Bono de Daño de Ataque Básico,โบนัสความเสียหายโจมตีปกติ,Bonus DMG Serangan Dasar,기본 공격 피해량 증가,زيادة ضرر الهجوم الأساسي,通常攻撃ダメージ増加,Бонус урона обычной атаки,Temel Saldırı Hasar Bonusu
ui_SKILL_DMG_BONUS,Skill DMG Bonus,Tăng Sát Thương Kỹ Năng,Fähigkeitsschaden-Bonus,Bonus Danno Abilità,Bonus de Dégâts de Compétence,技能伤害加成,技能傷害加成,Bónus de Dano de Habilidade,Bônus de Dano de Habilidade,Bonificación de Daño de Habilidad,Bono de Daño de Habilidad,โบนัสความเสียหายสกิล,Bonus DMG Skill,스킬 피해량 증가,زيادة ضرر المهارة,スキルダメージ増加,Бонус урона навыка,Yetenek Hasarı Bonusu
ui_FINAL_DMG_BONUS,Final DMG Bonus,Tăng Sát Thương Cuối,Endschaden-Bonus,Bonus Danno Finale,Bonus de Dégâts Finaux,最终伤害加成,最終傷害加成,Bónus de Dano Final,Bônus de Dano Final,Bonificación de Daño Final,Bono de Daño Final,โบนัสความเสียหายสุดท้าย,Bonus DMG Akhir,최종 피해량 증가,زيادة الضرر النهائي,最終ダメージ増加,Бонус итогового урона,Nihai Hasar Bonusu
pack_gem,Diamonds,Kim Cương,Diamanten,Diamanti,Diamants,钻石,鑽石,Diamantes,Diamantes,Diamantes,Diamantes,เพชร,Berlian,다이아,الألماس,ダイヤ,Алмазы,Elmas
monthly_tab,Monthly Pass,Thẻ Tháng,Monatspass,Pass Mensile,Pass Mensuel,月卡,月卡,Passe Mensal,Passe Mensal,Pase Mensual,Pase Mensual,บัตรรายเดือน,Pass Bulanan,월간 패스,البطاقة الشهرية,月間パス,Месячный пропуск,Aylık Bilet
reputation_tab,Prestige,Danh Vọng,Ansehen,Prestigio,Prestige,声望,聲望,Prestígio,Prestígio,Prestigio,Prestigio,ชื่อเสียง,Prestise,명성,الهيبة,名声,Престиж,Prestij
special_tab,Special Offers,Ưu Đãi,Sonderangebote,Offerte Speciali,Offres Spéciales,特惠,特惠,Ofertas Especiais,Ofertas Especiais,Ofertas Especiales,Ofertas Especiales,ข้อเสนอพิเศษ,Penawaran Spesial,특별 혜택,العروض الخاصة,特別オファー,Особые предложения,Özel Teklifler
even_tab,Events,Sự Kiện,Events,Eventi,Événements,活动,活動,Eventos,Eventos,Eventos,Eventos,กิจกรรม,Event,이벤트,الفعاليات,イベント,События,Etkinlikler